数据编号,评判维度,预测分数
TE0001,规范性,3.509333333333333
TE0002,流畅性,3.1726666666666667
TE0003,规范性,3.509333333333333
TE0004,流畅性,3.1726666666666667
TE0005,流畅性,3.1726666666666667
TE0006,流畅性,3.1726666666666667
TE0007,规范性,3.509333333333333
TE0008,规范性,3.509333333333333
TE0009,流畅性,3.1726666666666667
TE0010,流畅性,3.1726666666666667
TE0011,规范性,3.509333333333333
TE0012,流畅性,3.1726666666666667
TE0013,流畅性,3.1726666666666667
TE0014,规范性,3.509333333333333
TE0015,规范性,3.509333333333333
TE0016,规范性,3.509333333333333
TE0017,流畅性,3.1726666666666667
TE0018,流畅性,3.1726666666666667
TE0019,规范性,3.509333333333333
TE0020,流畅性,3.1726666666666667
TE0021,流畅性,3.1726666666666667
TE0022,流畅性,3.1726666666666667
TE0023,规范性,3.509333333333333
TE0024,规范性,3.509333333333333
TE0025,规范性,3.509333333333333
TE0026,流畅性,3.1726666666666667
TE0027,规范性,3.509333333333333
TE0028,流畅性,3.1726666666666667
TE0029,规范性,3.509333333333333
TE0030,规范性,3.509333333333333
TE0031,流畅性,3.1726666666666667
TE0032,流畅性,3.1726666666666667
TE0033,规范性,3.509333333333333
TE0034,流畅性,3.1726666666666667
TE0035,流畅性,3.1726666666666667
TE0036,规范性,3.509333333333333
TE0037,规范性,3.509333333333333
TE0038,规范性,3.509333333333333
TE0039,流畅性,3.1726666666666667
TE0040,流畅性,3.1726666666666667
TE0041,规范性,3.509333333333333
TE0042,流畅性,3.1726666666666667
TE0043,流畅性,3.1726666666666667
TE0044,规范性,3.509333333333333
TE0045,规范性,3.509333333333333
TE0046,流畅性,3.1726666666666667
TE0047,流畅性,3.1726666666666667
TE0048,规范性,3.509333333333333
TE0049,规范性,3.509333333333333
TE0050,规范性,3.509333333333333
TE0051,流畅性,3.1726666666666667
TE0052,规范性,3.509333333333333
TE0053,规范性,3.509333333333333
TE0054,流畅性,3.1726666666666667
TE0055,规范性,3.509333333333333
TE0056,流畅性,3.1726666666666667
TE0057,流畅性,3.1726666666666667
TE0058,规范性,3.509333333333333
TE0059,流畅性,3.1726666666666667
TE0060,流畅性,3.1726666666666667
TE0061,流畅性,3.1726666666666667
TE0062,规范性,3.509333333333333
TE0063,规范性,3.509333333333333
TE0064,规范性,3.509333333333333
TE0065,流畅性,3.1726666666666667
TE0066,流畅性,3.1726666666666667
TE0067,规范性,3.509333333333333
TE0068,规范性,3.509333333333333
TE0069,规范性,3.509333333333333
TE0070,规范性,3.509333333333333
TE0071,规范性,3.509333333333333
TE0072,流畅性,3.1726666666666667
TE0073,规范性,3.509333333333333
TE0074,规范性,3.509333333333333
TE0075,规范性,3.509333333333333
TE0076,流畅性,3.1726666666666667
TE0077,流畅性,3.1726666666666667
TE0078,规范性,3.509333333333333
TE0079,规范性,3.509333333333333
TE0080,流畅性,3.1726666666666667
TE0081,规范性,3.509333333333333
TE0082,规范性,3.509333333333333
TE0083,规范性,3.509333333333333
TE0084,流畅性,3.1726666666666667
TE0085,规范性,3.509333333333333
TE0086,流畅性,3.1726666666666667
TE0087,流畅性,3.1726666666666667
TE0088,规范性,3.509333333333333
TE0089,规范性,3.509333333333333
TE0090,流畅性,3.1726666666666667
TE0091,流畅性,3.1726666666666667
TE0092,规范性,3.509333333333333
TE0093,规范性,3.509333333333333
TE0094,流畅性,3.1726666666666667
TE0095,流畅性,3.1726666666666667
TE0096,流畅性,3.1726666666666667
TE0097,规范性,3.509333333333333
TE0098,规范性,3.509333333333333
TE0099,流畅性,3.1726666666666667
TE0100,规范性,3.509333333333333
TE0101,规范性,3.509333333333333
TE0102,流畅性,3.1726666666666667
TE0103,流畅性,3.1726666666666667
TE0104,规范性,3.509333333333333
TE0105,规范性,3.509333333333333
TE0106,流畅性,3.1726666666666667
TE0107,流畅性,3.1726666666666667
TE0108,规范性,3.509333333333333
TE0109,规范性,3.509333333333333
TE0110,流畅性,3.1726666666666667
TE0111,规范性,3.509333333333333
TE0112,流畅性,3.1726666666666667
TE0113,流畅性,3.1726666666666667
TE0114,规范性,3.509333333333333
TE0115,流畅性,3.1726666666666667
TE0116,规范性,3.509333333333333
TE0117,流畅性,3.1726666666666667
TE0118,规范性,3.509333333333333
TE0119,流畅性,3.1726666666666667
TE0120,流畅性,3.1726666666666667
TE0121,流畅性,3.1726666666666667
TE0122,流畅性,3.1726666666666667
TE0123,规范性,3.509333333333333
TE0124,流畅性,3.1726666666666667
TE0125,规范性,3.509333333333333
TE0126,规范性,3.509333333333333
TE0127,规范性,3.509333333333333
TE0128,流畅性,3.1726666666666667
TE0129,流畅性,3.1726666666666667
TE0130,流畅性,3.1726666666666667
TE0131,流畅性,3.1726666666666667
TE0132,流畅性,3.1726666666666667
TE0133,规范性,3.509333333333333
TE0134,规范性,3.509333333333333
TE0135,流畅性,3.1726666666666667
TE0136,流畅性,3.1726666666666667
TE0137,流畅性,3.1726666666666667
TE0138,规范性,3.509333333333333
TE0139,流畅性,3.1726666666666667
TE0140,流畅性,3.1726666666666667
TE0141,流畅性,3.1726666666666667
TE0142,流畅性,3.1726666666666667
TE0143,规范性,3.509333333333333
TE0144,流畅性,3.1726666666666667
TE0145,规范性,3.509333333333333
TE0146,规范性,3.509333333333333
TE0147,流畅性,3.1726666666666667
TE0148,流畅性,3.1726666666666667
TE0149,规范性,3.509333333333333
TE0150,规范性,3.509333333333333
TE0151,流畅性,3.1726666666666667
TE0152,规范性,3.509333333333333
TE0153,规范性,3.509333333333333
TE0154,流畅性,3.1726666666666667
TE0155,规范性,3.509333333333333
TE0156,规范性,3.509333333333333
TE0157,流畅性,3.1726666666666667
TE0158,规范性,3.509333333333333
TE0159,规范性,3.509333333333333
TE0160,规范性,3.509333333333333
TE0161,流畅性,3.1726666666666667
TE0162,规范性,3.509333333333333
TE0163,流畅性,3.1726666666666667
TE0164,规范性,3.509333333333333
TE0165,流畅性,3.1726666666666667
TE0166,规范性,3.509333333333333
TE0167,规范性,3.509333333333333
TE0168,规范性,3.509333333333333
TE0169,流畅性,3.1726666666666667
TE0170,流畅性,3.1726666666666667
TE0171,流畅性,3.1726666666666667
TE0172,流畅性,3.1726666666666667
TE0173,流畅性,3.1726666666666667
TE0174,规范性,3.509333333333333
TE0175,流畅性,3.1726666666666667
TE0176,流畅性,3.1726666666666667
TE0177,规范性,3.509333333333333
TE0178,流畅性,3.1726666666666667
TE0179,规范性,3.509333333333333
TE0180,流畅性,3.1726666666666667
TE0181,流畅性,3.1726666666666667
TE0182,规范性,3.509333333333333
TE0183,规范性,3.509333333333333
TE0184,规范性,3.509333333333333
TE0185,流畅性,3.1726666666666667
TE0186,流畅性,3.1726666666666667
TE0187,流畅性,3.1726666666666667
TE0188,流畅性,3.1726666666666667
TE0189,规范性,3.509333333333333
TE0190,流畅性,3.1726666666666667
TE0191,规范性,3.509333333333333
TE0192,流畅性,3.1726666666666667
TE0193,规范性,3.509333333333333
TE0194,规范性,3.509333333333333
TE0195,流畅性,3.1726666666666667
TE0196,流畅性,3.1726666666666667
TE0197,流畅性,3.1726666666666667
TE0198,流畅性,3.1726666666666667
TE0199,流畅性,3.1726666666666667
TE0200,规范性,3.509333333333333
TE0201,规范性,3.509333333333333
TE0202,规范性,3.509333333333333
TE0203,规范性,3.509333333333333
TE0204,流畅性,3.1726666666666667
TE0205,规范性,3.509333333333333
TE0206,规范性,3.509333333333333
TE0207,规范性,3.509333333333333
TE0208,规范性,3.509333333333333
TE0209,规范性,3.509333333333333
TE0210,流畅性,3.1726666666666667
TE0211,规范性,3.509333333333333
TE0212,流畅性,3.1726666666666667
TE0213,流畅性,3.1726666666666667
TE0214,流畅性,3.1726666666666667
TE0215,规范性,3.509333333333333
TE0216,规范性,3.509333333333333
TE0217,规范性,3.509333333333333
TE0218,规范性,3.509333333333333
TE0219,规范性,3.509333333333333
TE0220,流畅性,3.1726666666666667
TE0221,规范性,3.509333333333333
TE0222,流畅性,3.1726666666666667
TE0223,流畅性,3.1726666666666667
TE0224,规范性,3.509333333333333
TE0225,流畅性,3.1726666666666667
TE0226,规范性,3.509333333333333
TE0227,流畅性,3.1726666666666667
TE0228,流畅性,3.1726666666666667
TE0229,规范性,3.509333333333333
TE0230,规范性,3.509333333333333
TE0231,规范性,3.509333333333333
TE0232,规范性,3.509333333333333
TE0233,规范性,3.509333333333333
TE0234,流畅性,3.1726666666666667
TE0235,规范性,3.509333333333333
TE0236,流畅性,3.1726666666666667
TE0237,流畅性,3.1726666666666667
TE0238,规范性,3.509333333333333
TE0239,流畅性,3.1726666666666667
TE0240,规范性,3.509333333333333
TE0241,流畅性,3.1726666666666667
TE0242,流畅性,3.1726666666666667
TE0243,流畅性,3.1726666666666667
TE0244,流畅性,3.1726666666666667
TE0245,流畅性,3.1726666666666667
TE0246,规范性,3.509333333333333
TE0247,规范性,3.509333333333333
TE0248,规范性,3.509333333333333
TE0249,流畅性,3.1726666666666667
TE0250,流畅性,3.1726666666666667
TE0251,流畅性,3.1726666666666667
TE0252,规范性,3.509333333333333
TE0253,规范性,3.509333333333333
TE0254,流畅性,3.1726666666666667
TE0255,流畅性,3.1726666666666667
TE0256,流畅性,3.1726666666666667
TE0257,流畅性,3.1726666666666667
TE0258,流畅性,3.1726666666666667
TE0259,流畅性,3.1726666666666667
TE0260,规范性,3.509333333333333
TE0261,流畅性,3.1726666666666667
TE0262,流畅性,3.1726666666666667
TE0263,规范性,3.509333333333333
TE0264,规范性,3.509333333333333
TE0265,规范性,3.509333333333333
TE0266,规范性,3.509333333333333
TE0267,规范性,3.509333333333333
TE0268,流畅性,3.1726666666666667
TE0269,规范性,3.509333333333333
TE0270,流畅性,3.1726666666666667
TE0271,流畅性,3.1726666666666667
TE0272,规范性,3.509333333333333
TE0273,规范性,3.509333333333333
TE0274,流畅性,3.1726666666666667
TE0275,流畅性,3.1726666666666667
TE0276,流畅性,3.1726666666666667
TE0277,规范性,3.509333333333333
TE0278,流畅性,3.1726666666666667
TE0279,规范性,3.509333333333333
TE0280,流畅性,3.1726666666666667
TE0281,流畅性,3.1726666666666667
TE0282,规范性,3.509333333333333
TE0283,规范性,3.509333333333333
TE0284,规范性,3.509333333333333
TE0285,规范性,3.509333333333333
TE0286,流畅性,3.1726666666666667
TE0287,流畅性,3.1726666666666667
TE0288,规范性,3.509333333333333
TE0289,规范性,3.509333333333333
TE0290,规范性,3.509333333333333
TE0291,流畅性,3.1726666666666667
TE0292,流畅性,3.1726666666666667
TE0293,流畅性,3.1726666666666667
TE0294,规范性,3.509333333333333
TE0295,流畅性,3.1726666666666667
TE0296,流畅性,3.1726666666666667
TE0297,流畅性,3.1726666666666667
TE0298,规范性,3.509333333333333
TE0299,规范性,3.509333333333333
TE0300,规范性,3.509333333333333
TE0301,规范性,3.509333333333333
TE0302,流畅性,3.1726666666666667
TE0303,规范性,3.509333333333333
TE0304,流畅性,3.1726666666666667
TE0305,流畅性,3.1726666666666667
TE0306,流畅性,3.1726666666666667
TE0307,流畅性,3.1726666666666667
TE0308,规范性,3.509333333333333
TE0309,规范性,3.509333333333333
TE0310,规范性,3.509333333333333
TE0311,流畅性,3.1726666666666667
TE0312,流畅性,3.1726666666666667
TE0313,流畅性,3.1726666666666667
TE0314,规范性,3.509333333333333
TE0315,流畅性,3.1726666666666667
TE0316,规范性,3.509333333333333
TE0317,规范性,3.509333333333333
TE0318,流畅性,3.1726666666666667
TE0319,流畅性,3.1726666666666667
TE0320,流畅性,3.1726666666666667
TE0321,流畅性,3.1726666666666667
TE0322,流畅性,3.1726666666666667
TE0323,流畅性,3.1726666666666667
TE0324,规范性,3.509333333333333
TE0325,规范性,3.509333333333333
TE0326,流畅性,3.1726666666666667
TE0327,流畅性,3.1726666666666667
TE0328,流畅性,3.1726666666666667
TE0329,流畅性,3.1726666666666667
TE0330,流畅性,3.1726666666666667
TE0331,流畅性,3.1726666666666667
TE0332,规范性,3.509333333333333
TE0333,流畅性,3.1726666666666667
TE0334,规范性,3.509333333333333
TE0335,流畅性,3.1726666666666667
TE0336,规范性,3.509333333333333
TE0337,规范性,3.509333333333333
TE0338,流畅性,3.1726666666666667
TE0339,流畅性,3.1726666666666667
TE0340,流畅性,3.1726666666666667
TE0341,流畅性,3.1726666666666667
TE0342,流畅性,3.1726666666666667
TE0343,规范性,3.509333333333333
TE0344,流畅性,3.1726666666666667
TE0345,规范性,3.509333333333333
TE0346,规范性,3.509333333333333
TE0347,流畅性,3.1726666666666667
TE0348,流畅性,3.1726666666666667
TE0349,规范性,3.509333333333333
TE0350,流畅性,3.1726666666666667
TE0351,流畅性,3.1726666666666667
TE0352,流畅性,3.1726666666666667
TE0353,规范性,3.509333333333333
TE0354,流畅性,3.1726666666666667
TE0355,规范性,3.509333333333333
TE0356,规范性,3.509333333333333
TE0357,流畅性,3.1726666666666667
TE0358,流畅性,3.1726666666666667
TE0359,规范性,3.509333333333333
TE0360,规范性,3.509333333333333
TE0361,规范性,3.509333333333333
TE0362,规范性,3.509333333333333
TE0363,流畅性,3.1726666666666667
TE0364,流畅性,3.1726666666666667
TE0365,规范性,3.509333333333333
TE0366,规范性,3.509333333333333
TE0367,规范性,3.509333333333333
TE0368,规范性,3.509333333333333
TE0369,规范性,3.509333333333333
TE0370,流畅性,3.1726666666666667
TE0371,流畅性,3.1726666666666667
TE0372,规范性,3.509333333333333
TE0373,规范性,3.509333333333333
TE0374,规范性,3.509333333333333
TE0375,规范性,3.509333333333333
TE0376,流畅性,3.1726666666666667
TE0377,规范性,3.509333333333333
TE0378,流畅性,3.1726666666666667
TE0379,规范性,3.509333333333333
TE0380,规范性,3.509333333333333
TE0381,流畅性,3.1726666666666667
TE0382,流畅性,3.1726666666666667
TE0383,流畅性,3.1726666666666667
TE0384,流畅性,3.1726666666666667
TE0385,流畅性,3.1726666666666667
TE0386,规范性,3.509333333333333
TE0387,规范性,3.509333333333333
TE0388,流畅性,3.1726666666666667
TE0389,规范性,3.509333333333333
TE0390,流畅性,3.1726666666666667
TE0391,规范性,3.509333333333333
TE0392,规范性,3.509333333333333
TE0393,流畅性,3.1726666666666667
TE0394,规范性,3.509333333333333
TE0395,规范性,3.509333333333333
TE0396,流畅性,3.1726666666666667
TE0397,流畅性,3.1726666666666667
TE0398,规范性,3.509333333333333
TE0399,流畅性,3.1726666666666667
TE0400,规范性,3.509333333333333
TE0401,流畅性,3.1726666666666667
TE0402,流畅性,3.1726666666666667
TE0403,流畅性,3.1726666666666667
TE0404,规范性,3.509333333333333
TE0405,流畅性,3.1726666666666667
TE0406,流畅性,3.1726666666666667
TE0407,流畅性,3.1726666666666667
TE0408,流畅性,3.1726666666666667
TE0409,规范性,3.509333333333333
TE0410,规范性,3.509333333333333
TE0411,规范性,3.509333333333333
TE0412,流畅性,3.1726666666666667
TE0413,规范性,3.509333333333333
TE0414,流畅性,3.1726666666666667
TE0415,规范性,3.509333333333333
TE0416,规范性,3.509333333333333
TE0417,规范性,3.509333333333333
TE0418,流畅性,3.1726666666666667
TE0419,规范性,3.509333333333333
TE0420,流畅性,3.1726666666666667
TE0421,流畅性,3.1726666666666667
TE0422,流畅性,3.1726666666666667
TE0423,流畅性,3.1726666666666667
TE0424,流畅性,3.1726666666666667
TE0425,流畅性,3.1726666666666667
TE0426,流畅性,3.1726666666666667
TE0427,规范性,3.509333333333333
TE0428,流畅性,3.1726666666666667
TE0429,流畅性,3.1726666666666667
TE0430,流畅性,3.1726666666666667
TE0431,规范性,3.509333333333333
TE0432,规范性,3.509333333333333
TE0433,规范性,3.509333333333333
TE0434,流畅性,3.1726666666666667
TE0435,规范性,3.509333333333333
TE0436,流畅性,3.1726666666666667
TE0437,规范性,3.509333333333333
TE0438,流畅性,3.1726666666666667
TE0439,流畅性,3.1726666666666667
TE0440,流畅性,3.1726666666666667
TE0441,规范性,3.509333333333333
TE0442,规范性,3.509333333333333
TE0443,流畅性,3.1726666666666667
TE0444,规范性,3.509333333333333
TE0445,流畅性,3.1726666666666667
TE0446,规范性,3.509333333333333
TE0447,流畅性,3.1726666666666667
TE0448,规范性,3.509333333333333
TE0449,规范性,3.509333333333333
TE0450,流畅性,3.1726666666666667
TE0451,流畅性,3.1726666666666667
TE0452,流畅性,3.1726666666666667
TE0453,规范性,3.509333333333333
TE0454,流畅性,3.1726666666666667
TE0455,规范性,3.509333333333333
TE0456,规范性,3.509333333333333
TE0457,流畅性,3.1726666666666667
TE0458,流畅性,3.1726666666666667
TE0459,规范性,3.509333333333333
TE0460,规范性,3.509333333333333
TE0461,流畅性,3.1726666666666667
TE0462,流畅性,3.1726666666666667
TE0463,流畅性,3.1726666666666667
TE0464,流畅性,3.1726666666666667
TE0465,流畅性,3.1726666666666667
TE0466,流畅性,3.1726666666666667
TE0467,流畅性,3.1726666666666667
TE0468,规范性,3.509333333333333
TE0469,规范性,3.509333333333333
TE0470,规范性,3.509333333333333
TE0471,流畅性,3.1726666666666667
TE0472,规范性,3.509333333333333
TE0473,规范性,3.509333333333333
TE0474,流畅性,3.1726666666666667
TE0475,流畅性,3.1726666666666667
TE0476,流畅性,3.1726666666666667
TE0477,流畅性,3.1726666666666667
TE0478,规范性,3.509333333333333
TE0479,流畅性,3.1726666666666667
TE0480,规范性,3.509333333333333
TE0481,规范性,3.509333333333333
TE0482,规范性,3.509333333333333
TE0483,规范性,3.509333333333333
TE0484,流畅性,3.1726666666666667
TE0485,流畅性,3.1726666666666667
TE0486,流畅性,3.1726666666666667
TE0487,规范性,3.509333333333333
TE0488,流畅性,3.1726666666666667
TE0489,规范性,3.509333333333333
TE0490,流畅性,3.1726666666666667
TE0491,规范性,3.509333333333333
TE0492,流畅性,3.1726666666666667
TE0493,规范性,3.509333333333333
TE0494,流畅性,3.1726666666666667
TE0495,流畅性,3.1726666666666667
TE0496,流畅性,3.1726666666666667
TE0497,流畅性,3.1726666666666667
TE0498,规范性,3.509333333333333
TE0499,流畅性,3.1726666666666667
TE0500,流畅性,3.1726666666666667
TE0501,规范性,3.509333333333333
TE0502,规范性,3.509333333333333
TE0503,流畅性,3.1726666666666667
TE0504,规范性,3.509333333333333
TE0505,规范性,3.509333333333333
TE0506,流畅性,3.1726666666666667
TE0507,流畅性,3.1726666666666667
TE0508,规范性,3.509333333333333
TE0509,流畅性,3.1726666666666667
TE0510,流畅性,3.1726666666666667
TE0511,流畅性,3.1726666666666667
TE0512,流畅性,3.1726666666666667
TE0513,流畅性,3.1726666666666667
TE0514,规范性,3.509333333333333
TE0515,流畅性,3.1726666666666667
TE0516,规范性,3.509333333333333
TE0517,规范性,3.509333333333333
TE0518,规范性,3.509333333333333
TE0519,流畅性,3.1726666666666667
TE0520,规范性,3.509333333333333
TE0521,流畅性,3.1726666666666667
TE0522,规范性,3.509333333333333
TE0523,规范性,3.509333333333333
TE0524,流畅性,3.1726666666666667
TE0525,规范性,3.509333333333333
TE0526,流畅性,3.1726666666666667
TE0527,流畅性,3.1726666666666667
TE0528,流畅性,3.1726666666666667
TE0529,规范性,3.509333333333333
TE0530,规范性,3.509333333333333
TE0531,规范性,3.509333333333333
TE0532,流畅性,3.1726666666666667
TE0533,流畅性,3.1726666666666667
TE0534,流畅性,3.1726666666666667
TE0535,规范性,3.509333333333333
TE0536,规范性,3.509333333333333
TE0537,流畅性,3.1726666666666667
TE0538,规范性,3.509333333333333
TE0539,规范性,3.509333333333333
TE0540,规范性,3.509333333333333
TE0541,流畅性,3.1726666666666667
TE0542,流畅性,3.1726666666666667
TE0543,规范性,3.509333333333333
TE0544,规范性,3.509333333333333
TE0545,流畅性,3.1726666666666667
TE0546,流畅性,3.1726666666666667
TE0547,规范性,3.509333333333333
TE0548,流畅性,3.1726666666666667
TE0549,流畅性,3.1726666666666667
TE0550,规范性,3.509333333333333
TE0551,规范性,3.509333333333333
TE0552,规范性,3.509333333333333
TE0553,规范性,3.509333333333333
TE0554,规范性,3.509333333333333
TE0555,规范性,3.509333333333333
TE0556,规范性,3.509333333333333
TE0557,流畅性,3.1726666666666667
TE0558,流畅性,3.1726666666666667
TE0559,流畅性,3.1726666666666667
TE0560,规范性,3.509333333333333
TE0561,规范性,3.509333333333333
TE0562,规范性,3.509333333333333
TE0563,流畅性,3.1726666666666667
TE0564,规范性,3.509333333333333
TE0565,规范性,3.509333333333333
TE0566,流畅性,3.1726666666666667
TE0567,规范性,3.509333333333333
TE0568,流畅性,3.1726666666666667
TE0569,规范性,3.509333333333333
TE0570,流畅性,3.1726666666666667
TE0571,流畅性,3.1726666666666667
TE0572,规范性,3.509333333333333
TE0573,规范性,3.509333333333333
TE0574,规范性,3.509333333333333
TE0575,流畅性,3.1726666666666667
TE0576,规范性,3.509333333333333
TE0577,流畅性,3.1726666666666667
TE0578,规范性,3.509333333333333
TE0579,流畅性,3.1726666666666667
TE0580,流畅性,3.1726666666666667
TE0581,流畅性,3.1726666666666667
TE0582,规范性,3.509333333333333
TE0583,流畅性,3.1726666666666667
TE0584,流畅性,3.1726666666666667
TE0585,流畅性,3.1726666666666667
TE0586,规范性,3.509333333333333
TE0587,流畅性,3.1726666666666667
TE0588,流畅性,3.1726666666666667
TE0589,规范性,3.509333333333333
TE0590,规范性,3.509333333333333
TE0591,流畅性,3.1726666666666667
TE0592,流畅性,3.1726666666666667
TE0593,流畅性,3.1726666666666667
TE0594,流畅性,3.1726666666666667
TE0595,流畅性,3.1726666666666667
TE0596,流畅性,3.1726666666666667
TE0597,流畅性,3.1726666666666667
TE0598,规范性,3.509333333333333
TE0599,流畅性,3.1726666666666667
TE0600,规范性,3.509333333333333
TE0601,规范性,3.509333333333333
TE0602,规范性,3.509333333333333
TE0603,规范性,3.509333333333333
TE0604,规范性,3.509333333333333
TE0605,流畅性,3.1726666666666667
TE0606,流畅性,3.1726666666666667
TE0607,规范性,3.509333333333333
TE0608,流畅性,3.1726666666666667
TE0609,规范性,3.509333333333333
TE0610,流畅性,3.1726666666666667
TE0611,流畅性,3.1726666666666667
TE0612,流畅性,3.1726666666666667
TE0613,流畅性,3.1726666666666667
TE0614,规范性,3.509333333333333
TE0615,流畅性,3.1726666666666667
TE0616,规范性,3.509333333333333
TE0617,流畅性,3.1726666666666667
TE0618,流畅性,3.1726666666666667
TE0619,流畅性,3.1726666666666667
TE0620,规范性,3.509333333333333
TE0621,流畅性,3.1726666666666667
TE0622,规范性,3.509333333333333
TE0623,流畅性,3.1726666666666667
TE0624,流畅性,3.1726666666666667
TE0625,规范性,3.509333333333333
TE0626,流畅性,3.1726666666666667
TE0627,规范性,3.509333333333333
TE0628,流畅性,3.1726666666666667
TE0629,规范性,3.509333333333333
TE0630,流畅性,3.1726666666666667
TE0631,流畅性,3.1726666666666667
TE0632,流畅性,3.1726666666666667
TE0633,规范性,3.509333333333333
TE0634,流畅性,3.1726666666666667
TE0635,规范性,3.509333333333333
TE0636,规范性,3.509333333333333
TE0637,规范性,3.509333333333333
TE0638,流畅性,3.1726666666666667
TE0639,规范性,3.509333333333333
TE0640,规范性,3.509333333333333
TE0641,流畅性,3.1726666666666667
TE0642,流畅性,3.1726666666666667
TE0643,规范性,3.509333333333333
TE0644,流畅性,3.1726666666666667
TE0645,流畅性,3.1726666666666667
TE0646,流畅性,3.1726666666666667
TE0647,流畅性,3.1726666666666667
TE0648,流畅性,3.1726666666666667
TE0649,规范性,3.509333333333333
TE0650,流畅性,3.1726666666666667
TE0651,规范性,3.509333333333333
TE0652,规范性,3.509333333333333
TE0653,规范性,3.509333333333333
TE0654,流畅性,3.1726666666666667
TE0655,规范性,3.509333333333333
TE0656,规范性,3.509333333333333
TE0657,流畅性,3.1726666666666667
TE0658,流畅性,3.1726666666666667
TE0659,流畅性,3.1726666666666667
TE0660,流畅性,3.1726666666666667
TE0661,规范性,3.509333333333333
TE0662,规范性,3.509333333333333
TE0663,流畅性,3.1726666666666667
TE0664,流畅性,3.1726666666666667
TE0665,规范性,3.509333333333333
TE0666,流畅性,3.1726666666666667
TE0667,流畅性,3.1726666666666667
TE0668,规范性,3.509333333333333
TE0669,流畅性,3.1726666666666667
TE0670,流畅性,3.1726666666666667
TE0671,规范性,3.509333333333333
TE0672,流畅性,3.1726666666666667
TE0673,规范性,3.509333333333333
TE0674,规范性,3.509333333333333
TE0675,流畅性,3.1726666666666667
TE0676,规范性,3.509333333333333
TE0677,规范性,3.509333333333333
TE0678,规范性,3.509333333333333
TE0679,流畅性,3.1726666666666667
TE0680,流畅性,3.1726666666666667
TE0681,规范性,3.509333333333333
TE0682,规范性,3.509333333333333
TE0683,流畅性,3.1726666666666667
TE0684,流畅性,3.1726666666666667
TE0685,规范性,3.509333333333333
TE0686,流畅性,3.1726666666666667
TE0687,流畅性,3.1726666666666667
TE0688,规范性,3.509333333333333
TE0689,流畅性,3.1726666666666667
TE0690,流畅性,3.1726666666666667
TE0691,规范性,3.509333333333333
TE0692,规范性,3.509333333333333
TE0693,规范性,3.509333333333333
TE0694,规范性,3.509333333333333
TE0695,规范性,3.509333333333333
TE0696,规范性,3.509333333333333
TE0697,规范性,3.509333333333333
TE0698,规范性,3.509333333333333
TE0699,规范性,3.509333333333333
TE0700,规范性,3.509333333333333
TE0701,规范性,3.509333333333333
TE0702,规范性,3.509333333333333
TE0703,流畅性,3.1726666666666667
TE0704,规范性,3.509333333333333
TE0705,规范性,3.509333333333333
TE0706,流畅性,3.1726666666666667
TE0707,规范性,3.509333333333333
TE0708,流畅性,3.1726666666666667
TE0709,规范性,3.509333333333333
TE0710,规范性,3.509333333333333
TE0711,流畅性,3.1726666666666667
TE0712,规范性,3.509333333333333
TE0713,规范性,3.509333333333333
TE0714,流畅性,3.1726666666666667
TE0715,规范性,3.509333333333333
TE0716,规范性,3.509333333333333
TE0717,规范性,3.509333333333333
TE0718,规范性,3.509333333333333
TE0719,流畅性,3.1726666666666667
TE0720,规范性,3.509333333333333
TE0721,规范性,3.509333333333333
TE0722,流畅性,3.1726666666666667
TE0723,规范性,3.509333333333333
TE0724,规范性,3.509333333333333
TE0725,流畅性,3.1726666666666667
TE0726,规范性,3.509333333333333
TE0727,规范性,3.509333333333333
TE0728,规范性,3.509333333333333
TE0729,规范性,3.509333333333333
TE0730,流畅性,3.1726666666666667
TE0731,流畅性,3.1726666666666667
TE0732,规范性,3.509333333333333
TE0733,流畅性,3.1726666666666667
TE0734,规范性,3.509333333333333
TE0735,规范性,3.509333333333333
TE0736,流畅性,3.1726666666666667
TE0737,规范性,3.509333333333333
TE0738,规范性,3.509333333333333
TE0739,规范性,3.509333333333333
TE0740,规范性,3.509333333333333
TE0741,规范性,3.509333333333333
TE0742,规范性,3.509333333333333
TE0743,规范性,3.509333333333333
TE0744,规范性,3.509333333333333
TE0745,规范性,3.509333333333333
TE0746,流畅性,3.1726666666666667
TE0747,流畅性,3.1726666666666667
TE0748,规范性,3.509333333333333
TE0749,规范性,3.509333333333333
TE0750,规范性,3.509333333333333
TE0751,规范性,3.509333333333333
TE0752,规范性,3.509333333333333
TE0753,规范性,3.509333333333333
TE0754,规范性,3.509333333333333
TE0755,规范性,3.509333333333333
TE0756,流畅性,3.1726666666666667
TE0757,规范性,3.509333333333333
TE0758,规范性,3.509333333333333
TE0759,流畅性,3.1726666666666667
TE0760,规范性,3.509333333333333
TE0761,规范性,3.509333333333333
TE0762,流畅性,3.1726666666666667
TE0763,规范性,3.509333333333333
TE0764,规范性,3.509333333333333
TE0765,规范性,3.509333333333333
TE0766,规范性,3.509333333333333
TE0767,流畅性,3.1726666666666667
TE0768,流畅性,3.1726666666666667
TE0769,规范性,3.509333333333333
TE0770,规范性,3.509333333333333
TE0771,流畅性,3.1726666666666667
TE0772,流畅性,3.1726666666666667
TE0773,流畅性,3.1726666666666667
TE0774,流畅性,3.1726666666666667
TE0775,流畅性,3.1726666666666667
TE0776,规范性,3.509333333333333
TE0777,规范性,3.509333333333333
TE0778,规范性,3.509333333333333
TE0779,规范性,3.509333333333333
TE0780,规范性,3.509333333333333
TE0781,规范性,3.509333333333333
TE0782,规范性,3.509333333333333
TE0783,流畅性,3.1726666666666667
TE0784,流畅性,3.1726666666666667
TE0785,流畅性,3.1726666666666667
TE0786,流畅性,3.1726666666666667
TE0787,流畅性,3.1726666666666667
TE0788,规范性,3.509333333333333
TE0789,流畅性,3.1726666666666667
TE0790,流畅性,3.1726666666666667
TE0791,规范性,3.509333333333333
TE0792,流畅性,3.1726666666666667
TE0793,流畅性,3.1726666666666667
TE0794,规范性,3.509333333333333
TE0795,流畅性,3.1726666666666667
TE0796,规范性,3.509333333333333
TE0797,流畅性,3.1726666666666667
TE0798,流畅性,3.1726666666666667
TE0799,规范性,3.509333333333333
TE0800,规范性,3.509333333333333
TE0801,流畅性,3.1726666666666667
TE0802,规范性,3.509333333333333
TE0803,规范性,3.509333333333333
TE0804,规范性,3.509333333333333
TE0805,流畅性,3.1726666666666667
TE0806,规范性,3.509333333333333
TE0807,规范性,3.509333333333333
TE0808,规范性,3.509333333333333
TE0809,流畅性,3.1726666666666667
TE0810,流畅性,3.1726666666666667
TE0811,规范性,3.509333333333333
TE0812,规范性,3.509333333333333
TE0813,流畅性,3.1726666666666667
TE0814,规范性,3.509333333333333
TE0815,流畅性,3.1726666666666667
TE0816,流畅性,3.1726666666666667
TE0817,规范性,3.509333333333333
TE0818,流畅性,3.1726666666666667
TE0819,规范性,3.509333333333333
TE0820,流畅性,3.1726666666666667
TE0821,流畅性,3.1726666666666667
TE0822,流畅性,3.1726666666666667
TE0823,流畅性,3.1726666666666667
TE0824,规范性,3.509333333333333
TE0825,规范性,3.509333333333333
TE0826,规范性,3.509333333333333
TE0827,流畅性,3.1726666666666667
TE0828,规范性,3.509333333333333
TE0829,规范性,3.509333333333333
TE0830,规范性,3.509333333333333
TE0831,规范性,3.509333333333333
TE0832,规范性,3.509333333333333
TE0833,规范性,3.509333333333333
TE0834,流畅性,3.1726666666666667
TE0835,流畅性,3.1726666666666667
TE0836,流畅性,3.1726666666666667
TE0837,规范性,3.509333333333333
TE0838,规范性,3.509333333333333
TE0839,流畅性,3.1726666666666667
TE0840,规范性,3.509333333333333
TE0841,规范性,3.509333333333333
TE0842,规范性,3.509333333333333
TE0843,流畅性,3.1726666666666667
TE0844,流畅性,3.1726666666666667
TE0845,规范性,3.509333333333333
TE0846,规范性,3.509333333333333
TE0847,流畅性,3.1726666666666667
TE0848,规范性,3.509333333333333
TE0849,规范性,3.509333333333333
TE0850,规范性,3.509333333333333
TE0851,规范性,3.509333333333333
TE0852,规范性,3.509333333333333
TE0853,流畅性,3.1726666666666667
TE0854,流畅性,3.1726666666666667
TE0855,规范性,3.509333333333333
TE0856,流畅性,3.1726666666666667
TE0857,流畅性,3.1726666666666667
TE0858,规范性,3.509333333333333
TE0859,规范性,3.509333333333333
TE0860,规范性,3.509333333333333
TE0861,规范性,3.509333333333333
TE0862,规范性,3.509333333333333
TE0863,流畅性,3.1726666666666667
TE0864,流畅性,3.1726666666666667
TE0865,规范性,3.509333333333333
TE0866,规范性,3.509333333333333
TE0867,流畅性,3.1726666666666667
TE0868,流畅性,3.1726666666666667
TE0869,流畅性,3.1726666666666667
TE0870,规范性,3.509333333333333
TE0871,规范性,3.509333333333333
TE0872,规范性,3.509333333333333
TE0873,流畅性,3.1726666666666667
TE0874,规范性,3.509333333333333
TE0875,规范性,3.509333333333333
TE0876,规范性,3.509333333333333
TE0877,规范性,3.509333333333333
TE0878,规范性,3.509333333333333
TE0879,流畅性,3.1726666666666667
TE0880,流畅性,3.1726666666666667
TE0881,规范性,3.509333333333333
TE0882,流畅性,3.1726666666666667
TE0883,规范性,3.509333333333333
TE0884,流畅性,3.1726666666666667
TE0885,流畅性,3.1726666666666667
TE0886,规范性,3.509333333333333
TE0887,规范性,3.509333333333333
TE0888,规范性,3.509333333333333
TE0889,流畅性,3.1726666666666667
TE0890,流畅性,3.1726666666666667
TE0891,规范性,3.509333333333333
TE0892,规范性,3.509333333333333
TE0893,规范性,3.509333333333333
TE0894,规范性,3.509333333333333
TE0895,流畅性,3.1726666666666667
TE0896,规范性,3.509333333333333
TE0897,规范性,3.509333333333333
TE0898,规范性,3.509333333333333
TE0899,规范性,3.509333333333333
TE0900,规范性,3.509333333333333
TE0901,规范性,3.509333333333333
TE0902,规范性,3.509333333333333
TE0903,流畅性,3.1726666666666667
TE0904,规范性,3.509333333333333
TE0905,规范性,3.509333333333333
TE0906,规范性,3.509333333333333
TE0907,流畅性,3.1726666666666667
TE0908,流畅性,3.1726666666666667
TE0909,流畅性,3.1726666666666667
TE0910,规范性,3.509333333333333
TE0911,规范性,3.509333333333333
TE0912,规范性,3.509333333333333
TE0913,规范性,3.509333333333333
TE0914,流畅性,3.1726666666666667
TE0915,规范性,3.509333333333333
TE0916,规范性,3.509333333333333
TE0917,规范性,3.509333333333333
TE0918,流畅性,3.1726666666666667
TE0919,规范性,3.509333333333333
TE0920,规范性,3.509333333333333
TE0921,流畅性,3.1726666666666667
TE0922,流畅性,3.1726666666666667
TE0923,流畅性,3.1726666666666667
TE0924,规范性,3.509333333333333
TE0925,规范性,3.509333333333333
TE0926,规范性,3.509333333333333
TE0927,规范性,3.509333333333333
TE0928,规范性,3.509333333333333
TE0929,规范性,3.509333333333333
TE0930,流畅性,3.1726666666666667
TE0931,规范性,3.509333333333333
TE0932,规范性,3.509333333333333
TE0933,规范性,3.509333333333333
TE0934,规范性,3.509333333333333
TE0935,规范性,3.509333333333333
TE0936,规范性,3.509333333333333
TE0937,流畅性,3.1726666666666667
TE0938,规范性,3.509333333333333
TE0939,规范性,3.509333333333333
TE0940,规范性,3.509333333333333
TE0941,流畅性,3.1726666666666667
TE0942,规范性,3.509333333333333
TE0943,规范性,3.509333333333333
TE0944,流畅性,3.1726666666666667
TE0945,规范性,3.509333333333333
TE0946,流畅性,3.1726666666666667
TE0947,规范性,3.509333333333333
TE0948,流畅性,3.1726666666666667
TE0949,规范性,3.509333333333333
TE0950,规范性,3.509333333333333
TE0951,流畅性,3.1726666666666667
TE0952,规范性,3.509333333333333
TE0953,规范性,3.509333333333333
TE0954,规范性,3.509333333333333
TE0955,流畅性,3.1726666666666667
TE0956,规范性,3.509333333333333
TE0957,规范性,3.509333333333333
TE0958,规范性,3.509333333333333
TE0959,流畅性,3.1726666666666667
TE0960,流畅性,3.1726666666666667
TE0961,规范性,3.509333333333333
TE0962,规范性,3.509333333333333
TE0963,流畅性,3.1726666666666667
TE0964,规范性,3.509333333333333
TE0965,规范性,3.509333333333333
TE0966,规范性,3.509333333333333
TE0967,规范性,3.509333333333333
TE0968,规范性,3.509333333333333
TE0969,规范性,3.509333333333333
TE0970,规范性,3.509333333333333
TE0971,流畅性,3.1726666666666667
TE0972,流畅性,3.1726666666666667
TE0973,规范性,3.509333333333333
TE0974,规范性,3.509333333333333
TE0975,流畅性,3.1726666666666667
TE0976,规范性,3.509333333333333
TE0977,规范性,3.509333333333333
TE0978,规范性,3.509333333333333
TE0979,流畅性,3.1726666666666667
TE0980,流畅性,3.1726666666666667
TE0981,流畅性,3.1726666666666667
TE0982,规范性,3.509333333333333
TE0983,规范性,3.509333333333333
TE0984,流畅性,3.1726666666666667
TE0985,规范性,3.509333333333333
TE0986,规范性,3.509333333333333
TE0987,规范性,3.509333333333333
TE0988,规范性,3.509333333333333
TE0989,规范性,3.509333333333333
TE0990,规范性,3.509333333333333
TE0991,规范性,3.509333333333333
TE0992,规范性,3.509333333333333
TE0993,流畅性,3.1726666666666667
TE0994,规范性,3.509333333333333
TE0995,流畅性,3.1726666666666667
TE0996,规范性,3.509333333333333
TE0997,规范性,3.509333333333333
TE0998,流畅性,3.1726666666666667
TE0999,规范性,3.509333333333333
TE1000,流畅性,3.1726666666666667
TE1001,规范性,3.509333333333333
TE1002,流畅性,3.1726666666666667
TE1003,规范性,3.509333333333333
TE1004,流畅性,3.1726666666666667
TE1005,规范性,3.509333333333333
TE1006,规范性,3.509333333333333
TE1007,规范性,3.509333333333333
TE1008,规范性,3.509333333333333
TE1009,规范性,3.509333333333333
TE1010,规范性,3.509333333333333
TE1011,规范性,3.509333333333333
TE1012,流畅性,3.1726666666666667
TE1013,规范性,3.509333333333333
TE1014,流畅性,3.1726666666666667
TE1015,流畅性,3.1726666666666667
TE1016,规范性,3.509333333333333
TE1017,流畅性,3.1726666666666667
TE1018,规范性,3.509333333333333
TE1019,流畅性,3.1726666666666667
TE1020,规范性,3.509333333333333
TE1021,规范性,3.509333333333333
TE1022,流畅性,3.1726666666666667
TE1023,流畅性,3.1726666666666667
TE1024,流畅性,3.1726666666666667
TE1025,规范性,3.509333333333333
TE1026,规范性,3.509333333333333
TE1027,规范性,3.509333333333333
TE1028,流畅性,3.1726666666666667
TE1029,规范性,3.509333333333333
TE1030,规范性,3.509333333333333
TE1031,规范性,3.509333333333333
TE1032,规范性,3.509333333333333
TE1033,规范性,3.509333333333333
TE1034,规范性,3.509333333333333
TE1035,规范性,3.509333333333333
TE1036,规范性,3.509333333333333
TE1037,规范性,3.509333333333333
TE1038,规范性,3.509333333333333
TE1039,规范性,3.509333333333333
TE1040,规范性,3.509333333333333
TE1041,规范性,3.509333333333333
TE1042,流畅性,3.1726666666666667
TE1043,规范性,3.509333333333333
TE1044,规范性,3.509333333333333
TE1045,规范性,3.509333333333333
TE1046,规范性,3.509333333333333
TE1047,规范性,3.509333333333333
TE1048,规范性,3.509333333333333
TE1049,规范性,3.509333333333333
TE1050,规范性,3.509333333333333
TE1051,规范性,3.509333333333333
TE1052,规范性,3.509333333333333
TE1053,规范性,3.509333333333333
TE1054,规范性,3.509333333333333
TE1055,规范性,3.509333333333333
TE1056,流畅性,3.1726666666666667
TE1057,规范性,3.509333333333333
TE1058,流畅性,3.1726666666666667
TE1059,规范性,3.509333333333333
TE1060,规范性,3.509333333333333
TE1061,流畅性,3.1726666666666667
TE1062,流畅性,3.1726666666666667
TE1063,流畅性,3.1726666666666667
TE1064,规范性,3.509333333333333
TE1065,规范性,3.509333333333333
TE1066,规范性,3.509333333333333
TE1067,规范性,3.509333333333333
TE1068,规范性,3.509333333333333
TE1069,规范性,3.509333333333333
TE1070,规范性,3.509333333333333
TE1071,规范性,3.509333333333333
TE1072,规范性,3.509333333333333
TE1073,规范性,3.509333333333333
TE1074,规范性,3.509333333333333
TE1075,流畅性,3.1726666666666667
TE1076,流畅性,3.1726666666666667
TE1077,规范性,3.509333333333333
TE1078,规范性,3.509333333333333
TE1079,规范性,3.509333333333333
TE1080,规范性,3.509333333333333
TE1081,规范性,3.509333333333333
TE1082,规范性,3.509333333333333
TE1083,规范性,3.509333333333333
TE1084,规范性,3.509333333333333
TE1085,流畅性,3.1726666666666667
TE1086,规范性,3.509333333333333
TE1087,规范性,3.509333333333333
TE1088,流畅性,3.1726666666666667
TE1089,流畅性,3.1726666666666667
TE1090,流畅性,3.1726666666666667
TE1091,规范性,3.509333333333333
TE1092,规范性,3.509333333333333
TE1093,规范性,3.509333333333333
TE1094,流畅性,3.1726666666666667
TE1095,规范性,3.509333333333333
TE1096,规范性,3.509333333333333
TE1097,规范性,3.509333333333333
TE1098,规范性,3.509333333333333
TE1099,规范性,3.509333333333333
TE1100,规范性,3.509333333333333
TE1101,规范性,3.509333333333333
TE1102,规范性,3.509333333333333
TE1103,规范性,3.509333333333333
TE1104,规范性,3.509333333333333
TE1105,规范性,3.509333333333333
TE1106,流畅性,3.1726666666666667
TE1107,流畅性,3.1726666666666667
TE1108,规范性,3.509333333333333
TE1109,规范性,3.509333333333333
TE1110,规范性,3.509333333333333
TE1111,规范性,3.509333333333333
TE1112,规范性,3.509333333333333
TE1113,规范性,3.509333333333333
TE1114,流畅性,3.1726666666666667
TE1115,流畅性,3.1726666666666667
TE1116,规范性,3.509333333333333
TE1117,规范性,3.509333333333333
TE1118,规范性,3.509333333333333
TE1119,规范性,3.509333333333333
TE1120,规范性,3.509333333333333
TE1121,流畅性,3.1726666666666667
TE1122,规范性,3.509333333333333
TE1123,规范性,3.509333333333333
TE1124,规范性,3.509333333333333
TE1125,规范性,3.509333333333333
TE1126,规范性,3.509333333333333
TE1127,流畅性,3.1726666666666667
TE1128,规范性,3.509333333333333
TE1129,规范性,3.509333333333333
TE1130,规范性,3.509333333333333
TE1131,规范性,3.509333333333333
TE1132,规范性,3.509333333333333
TE1133,规范性,3.509333333333333
TE1134,规范性,3.509333333333333
TE1135,规范性,3.509333333333333
TE1136,流畅性,3.1726666666666667
TE1137,规范性,3.509333333333333
TE1138,流畅性,3.1726666666666667
TE1139,流畅性,3.1726666666666667
TE1140,规范性,3.509333333333333
TE1141,规范性,3.509333333333333
TE1142,规范性,3.509333333333333
TE1143,规范性,3.509333333333333
TE1144,规范性,3.509333333333333
TE1145,流畅性,3.1726666666666667
TE1146,流畅性,3.1726666666666667
TE1147,规范性,3.509333333333333
TE1148,流畅性,3.1726666666666667
TE1149,流畅性,3.1726666666666667
TE1150,流畅性,3.1726666666666667
TE1151,流畅性,3.1726666666666667
TE1152,规范性,3.509333333333333
TE1153,规范性,3.509333333333333
TE1154,流畅性,3.1726666666666667
TE1155,规范性,3.509333333333333
TE1156,规范性,3.509333333333333
TE1157,规范性,3.509333333333333
TE1158,流畅性,3.1726666666666667
TE1159,规范性,3.509333333333333
TE1160,规范性,3.509333333333333
TE1161,规范性,3.509333333333333
TE1162,流畅性,3.1726666666666667
TE1163,流畅性,3.1726666666666667
TE1164,规范性,3.509333333333333
TE1165,规范性,3.509333333333333
TE1166,流畅性,3.1726666666666667
TE1167,规范性,3.509333333333333
TE1168,规范性,3.509333333333333
TE1169,流畅性,3.1726666666666667
TE1170,规范性,3.509333333333333
TE1171,流畅性,3.1726666666666667
TE1172,流畅性,3.1726666666666667
TE1173,流畅性,3.1726666666666667
TE1174,规范性,3.509333333333333
TE1175,规范性,3.509333333333333
TE1176,规范性,3.509333333333333
TE1177,规范性,3.509333333333333
TE1178,流畅性,3.1726666666666667
TE1179,规范性,3.509333333333333
TE1180,规范性,3.509333333333333
TE1181,规范性,3.509333333333333
TE1182,规范性,3.509333333333333
TE1183,规范性,3.509333333333333
TE1184,流畅性,3.1726666666666667
TE1185,规范性,3.509333333333333
TE1186,流畅性,3.1726666666666667
TE1187,规范性,3.509333333333333
TE1188,规范性,3.509333333333333
TE1189,规范性,3.509333333333333
TE1190,规范性,3.509333333333333
TE1191,规范性,3.509333333333333
TE1192,规范性,3.509333333333333
TE1193,流畅性,3.1726666666666667
TE1194,规范性,3.509333333333333
TE1195,流畅性,3.1726666666666667
TE1196,规范性,3.509333333333333
TE1197,规范性,3.509333333333333
TE1198,规范性,3.509333333333333
TE1199,规范性,3.509333333333333
TE1200,规范性,3.509333333333333
TE1201,流畅性,3.1726666666666667
TE1202,规范性,3.509333333333333
TE1203,流畅性,3.1726666666666667
TE1204,规范性,3.509333333333333
TE1205,流畅性,3.1726666666666667
TE1206,规范性,3.509333333333333
TE1207,规范性,3.509333333333333
TE1208,规范性,3.509333333333333
TE1209,规范性,3.509333333333333
TE1210,规范性,3.509333333333333
TE1211,流畅性,3.1726666666666667
TE1212,规范性,3.509333333333333
TE1213,流畅性,3.1726666666666667
TE1214,规范性,3.509333333333333
TE1215,流畅性,3.1726666666666667
TE1216,规范性,3.509333333333333
TE1217,流畅性,3.1726666666666667
TE1218,规范性,3.509333333333333
TE1219,规范性,3.509333333333333
TE1220,规范性,3.509333333333333
TE1221,规范性,3.509333333333333
TE1222,流畅性,3.1726666666666667
TE1223,流畅性,3.1726666666666667
TE1224,规范性,3.509333333333333
TE1225,规范性,3.509333333333333
TE1226,流畅性,3.1726666666666667
TE1227,规范性,3.509333333333333
TE1228,流畅性,3.1726666666666667
TE1229,流畅性,3.1726666666666667
TE1230,流畅性,3.1726666666666667
TE1231,规范性,3.509333333333333
TE1232,规范性,3.509333333333333
TE1233,规范性,3.509333333333333
TE1234,流畅性,3.1726666666666667
TE1235,规范性,3.509333333333333
TE1236,规范性,3.509333333333333
TE1237,规范性,3.509333333333333
TE1238,规范性,3.509333333333333
TE1239,流畅性,3.1726666666666667
TE1240,规范性,3.509333333333333
TE1241,流畅性,3.1726666666666667
TE1242,规范性,3.509333333333333
TE1243,规范性,3.509333333333333
TE1244,规范性,3.509333333333333
TE1245,流畅性,3.1726666666666667
TE1246,规范性,3.509333333333333
TE1247,规范性,3.509333333333333
TE1248,规范性,3.509333333333333
TE1249,规范性,3.509333333333333
TE1250,流畅性,3.1726666666666667
TE1251,流畅性,3.1726666666666667
TE1252,流畅性,3.1726666666666667
TE1253,流畅性,3.1726666666666667
TE1254,规范性,3.509333333333333
TE1255,流畅性,3.1726666666666667
TE1256,流畅性,3.1726666666666667
TE1257,规范性,3.509333333333333
TE1258,流畅性,3.1726666666666667
TE1259,流畅性,3.1726666666666667
TE1260,规范性,3.509333333333333
TE1261,规范性,3.509333333333333
TE1262,流畅性,3.1726666666666667
TE1263,流畅性,3.1726666666666667
TE1264,规范性,3.509333333333333
TE1265,流畅性,3.1726666666666667
TE1266,流畅性,3.1726666666666667
TE1267,流畅性,3.1726666666666667
TE1268,规范性,3.509333333333333
TE1269,流畅性,3.1726666666666667
TE1270,规范性,3.509333333333333
TE1271,规范性,3.509333333333333
TE1272,流畅性,3.1726666666666667
TE1273,流畅性,3.1726666666666667
TE1274,规范性,3.509333333333333
TE1275,规范性,3.509333333333333
TE1276,流畅性,3.1726666666666667
TE1277,规范性,3.509333333333333
TE1278,流畅性,3.1726666666666667
TE1279,流畅性,3.1726666666666667
TE1280,规范性,3.509333333333333
TE1281,流畅性,3.1726666666666667
TE1282,流畅性,3.1726666666666667
TE1283,流畅性,3.1726666666666667
TE1284,规范性,3.509333333333333
TE1285,流畅性,3.1726666666666667
TE1286,流畅性,3.1726666666666667
TE1287,规范性,3.509333333333333
TE1288,流畅性,3.1726666666666667
TE1289,规范性,3.509333333333333
TE1290,流畅性,3.1726666666666667
TE1291,流畅性,3.1726666666666667
TE1292,流畅性,3.1726666666666667
TE1293,流畅性,3.1726666666666667
TE1294,规范性,3.509333333333333
TE1295,流畅性,3.1726666666666667
TE1296,流畅性,3.1726666666666667
TE1297,流畅性,3.1726666666666667
TE1298,流畅性,3.1726666666666667
TE1299,流畅性,3.1726666666666667
TE1300,流畅性,3.1726666666666667
TE1301,流畅性,3.1726666666666667
TE1302,流畅性,3.1726666666666667
TE1303,规范性,3.509333333333333
TE1304,规范性,3.509333333333333
TE1305,流畅性,3.1726666666666667
TE1306,流畅性,3.1726666666666667
TE1307,流畅性,3.1726666666666667
TE1308,流畅性,3.1726666666666667
TE1309,流畅性,3.1726666666666667
TE1310,流畅性,3.1726666666666667
TE1311,流畅性,3.1726666666666667
TE1312,规范性,3.509333333333333
TE1313,规范性,3.509333333333333
TE1314,流畅性,3.1726666666666667
TE1315,规范性,3.509333333333333
TE1316,流畅性,3.1726666666666667
TE1317,规范性,3.509333333333333
TE1318,流畅性,3.1726666666666667
TE1319,流畅性,3.1726666666666667
TE1320,流畅性,3.1726666666666667
TE1321,流畅性,3.1726666666666667
TE1322,流畅性,3.1726666666666667
TE1323,流畅性,3.1726666666666667
TE1324,规范性,3.509333333333333
TE1325,规范性,3.509333333333333
TE1326,流畅性,3.1726666666666667
TE1327,流畅性,3.1726666666666667
TE1328,流畅性,3.1726666666666667
TE1329,流畅性,3.1726666666666667
TE1330,规范性,3.509333333333333
TE1331,规范性,3.509333333333333
TE1332,流畅性,3.1726666666666667
TE1333,规范性,3.509333333333333
TE1334,流畅性,3.1726666666666667
TE1335,流畅性,3.1726666666666667
TE1336,流畅性,3.1726666666666667
TE1337,流畅性,3.1726666666666667
TE1338,规范性,3.509333333333333
TE1339,流畅性,3.1726666666666667
TE1340,流畅性,3.1726666666666667
TE1341,规范性,3.509333333333333
TE1342,流畅性,3.1726666666666667
TE1343,规范性,3.509333333333333
TE1344,流畅性,3.1726666666666667
TE1345,规范性,3.509333333333333
TE1346,规范性,3.509333333333333
TE1347,流畅性,3.1726666666666667
TE1348,流畅性,3.1726666666666667
TE1349,流畅性,3.1726666666666667
TE1350,流畅性,3.1726666666666667
TE1351,规范性,3.509333333333333
TE1352,规范性,3.509333333333333
TE1353,流畅性,3.1726666666666667
TE1354,规范性,3.509333333333333
TE1355,流畅性,3.1726666666666667
TE1356,流畅性,3.1726666666666667
TE1357,规范性,3.509333333333333
TE1358,流畅性,3.1726666666666667
TE1359,规范性,3.509333333333333
TE1360,流畅性,3.1726666666666667
TE1361,流畅性,3.1726666666666667
TE1362,规范性,3.509333333333333
TE1363,流畅性,3.1726666666666667
TE1364,流畅性,3.1726666666666667
TE1365,规范性,3.509333333333333
TE1366,流畅性,3.1726666666666667
TE1367,规范性,3.509333333333333
TE1368,规范性,3.509333333333333
TE1369,流畅性,3.1726666666666667
TE1370,规范性,3.509333333333333
TE1371,规范性,3.509333333333333
TE1372,流畅性,3.1726666666666667
TE1373,流畅性,3.1726666666666667
TE1374,流畅性,3.1726666666666667
TE1375,流畅性,3.1726666666666667
TE1376,流畅性,3.1726666666666667
TE1377,规范性,3.509333333333333
TE1378,规范性,3.509333333333333
TE1379,流畅性,3.1726666666666667
TE1380,流畅性,3.1726666666666667
TE1381,流畅性,3.1726666666666667
TE1382,流畅性,3.1726666666666667
TE1383,流畅性,3.1726666666666667
TE1384,流畅性,3.1726666666666667
TE1385,规范性,3.509333333333333
TE1386,流畅性,3.1726666666666667
TE1387,规范性,3.509333333333333
TE1388,流畅性,3.1726666666666667
TE1389,规范性,3.509333333333333
TE1390,规范性,3.509333333333333
TE1391,规范性,3.509333333333333
TE1392,流畅性,3.1726666666666667
TE1393,流畅性,3.1726666666666667
TE1394,流畅性,3.1726666666666667
TE1395,规范性,3.509333333333333
TE1396,规范性,3.509333333333333
TE1397,流畅性,3.1726666666666667
TE1398,规范性,3.509333333333333
TE1399,规范性,3.509333333333333
TE1400,规范性,3.509333333333333
TE1401,流畅性,3.1726666666666667
TE1402,流畅性,3.1726666666666667
TE1403,规范性,3.509333333333333
TE1404,流畅性,3.1726666666666667
TE1405,流畅性,3.1726666666666667
TE1406,流畅性,3.1726666666666667
TE1407,规范性,3.509333333333333
TE1408,流畅性,3.1726666666666667
TE1409,流畅性,3.1726666666666667
TE1410,规范性,3.509333333333333
TE1411,流畅性,3.1726666666666667
TE1412,流畅性,3.1726666666666667
TE1413,规范性,3.509333333333333
TE1414,流畅性,3.1726666666666667
TE1415,流畅性,3.1726666666666667
TE1416,规范性,3.509333333333333
TE1417,流畅性,3.1726666666666667
TE1418,流畅性,3.1726666666666667
TE1419,规范性,3.509333333333333
TE1420,规范性,3.509333333333333
TE1421,规范性,3.509333333333333
TE1422,规范性,3.509333333333333
TE1423,流畅性,3.1726666666666667
TE1424,流畅性,3.1726666666666667
TE1425,流畅性,3.1726666666666667
TE1426,规范性,3.509333333333333
TE1427,规范性,3.509333333333333
TE1428,规范性,3.509333333333333
TE1429,流畅性,3.1726666666666667
TE1430,规范性,3.509333333333333
TE1431,流畅性,3.1726666666666667
TE1432,规范性,3.509333333333333
TE1433,流畅性,3.1726666666666667
TE1434,流畅性,3.1726666666666667
TE1435,规范性,3.509333333333333
TE1436,流畅性,3.1726666666666667
TE1437,规范性,3.509333333333333
TE1438,流畅性,3.1726666666666667
TE1439,规范性,3.509333333333333
TE1440,流畅性,3.1726666666666667
TE1441,流畅性,3.1726666666666667
TE1442,规范性,3.509333333333333
TE1443,流畅性,3.1726666666666667
TE1444,流畅性,3.1726666666666667
TE1445,规范性,3.509333333333333
TE1446,规范性,3.509333333333333
TE1447,规范性,3.509333333333333
TE1448,流畅性,3.1726666666666667
TE1449,规范性,3.509333333333333
TE1450,规范性,3.509333333333333
TE1451,流畅性,3.1726666666666667
TE1452,流畅性,3.1726666666666667
TE1453,规范性,3.509333333333333
TE1454,规范性,3.509333333333333
TE1455,流畅性,3.1726666666666667
TE1456,规范性,3.509333333333333
TE1457,规范性,3.509333333333333
TE1458,流畅性,3.1726666666666667
TE1459,流畅性,3.1726666666666667
TE1460,流畅性,3.1726666666666667
TE1461,规范性,3.509333333333333
TE1462,规范性,3.509333333333333
TE1463,流畅性,3.1726666666666667
TE1464,规范性,3.509333333333333
TE1465,流畅性,3.1726666666666667
TE1466,流畅性,3.1726666666666667
TE1467,规范性,3.509333333333333
TE1468,流畅性,3.1726666666666667
TE1469,规范性,3.509333333333333
TE1470,流畅性,3.1726666666666667
TE1471,流畅性,3.1726666666666667
TE1472,流畅性,3.1726666666666667
TE1473,流畅性,3.1726666666666667
TE1474,流畅性,3.1726666666666667
TE1475,流畅性,3.1726666666666667
TE1476,流畅性,3.1726666666666667
TE1477,规范性,3.509333333333333
TE1478,流畅性,3.1726666666666667
TE1479,规范性,3.509333333333333
TE1480,流畅性,3.1726666666666667
TE1481,流畅性,3.1726666666666667
TE1482,规范性,3.509333333333333
TE1483,流畅性,3.1726666666666667
TE1484,规范性,3.509333333333333
TE1485,规范性,3.509333333333333
TE1486,流畅性,3.1726666666666667
TE1487,规范性,3.509333333333333
TE1488,流畅性,3.1726666666666667
TE1489,规范性,3.509333333333333
TE1490,规范性,3.509333333333333
TE1491,规范性,3.509333333333333
TE1492,流畅性,3.1726666666666667
TE1493,流畅性,3.1726666666666667
TE1494,流畅性,3.1726666666666667
TE1495,流畅性,3.1726666666666667
TE1496,流畅性,3.1726666666666667
TE1497,流畅性,3.1726666666666667
TE1498,规范性,3.509333333333333
TE1499,流畅性,3.1726666666666667
TE1500,规范性,3.509333333333333
TE1501,流畅性,3.1726666666666667
TE1502,流畅性,3.1726666666666667
TE1503,规范性,3.509333333333333
TE1504,流畅性,3.1726666666666667
TE1505,规范性,3.509333333333333
TE1506,规范性,3.509333333333333
TE1507,流畅性,3.1726666666666667
TE1508,流畅性,3.1726666666666667
TE1509,规范性,3.509333333333333
TE1510,流畅性,3.1726666666666667
TE1511,流畅性,3.1726666666666667
TE1512,流畅性,3.1726666666666667
TE1513,流畅性,3.1726666666666667
TE1514,流畅性,3.1726666666666667
TE1515,规范性,3.509333333333333
TE1516,规范性,3.509333333333333
TE1517,流畅性,3.1726666666666667
TE1518,规范性,3.509333333333333
TE1519,规范性,3.509333333333333
TE1520,流畅性,3.1726666666666667
TE1521,规范性,3.509333333333333
TE1522,流畅性,3.1726666666666667
TE1523,规范性,3.509333333333333
TE1524,流畅性,3.1726666666666667
TE1525,规范性,3.509333333333333
TE1526,流畅性,3.1726666666666667
TE1527,流畅性,3.1726666666666667
TE1528,流畅性,3.1726666666666667
TE1529,规范性,3.509333333333333
TE1530,流畅性,3.1726666666666667
TE1531,规范性,3.509333333333333
TE1532,流畅性,3.1726666666666667
TE1533,流畅性,3.1726666666666667
TE1534,规范性,3.509333333333333
TE1535,流畅性,3.1726666666666667
TE1536,规范性,3.509333333333333
TE1537,流畅性,3.1726666666666667
TE1538,流畅性,3.1726666666666667
TE1539,流畅性,3.1726666666666667
TE1540,规范性,3.509333333333333
TE1541,流畅性,3.1726666666666667
TE1542,规范性,3.509333333333333
TE1543,流畅性,3.1726666666666667
TE1544,流畅性,3.1726666666666667
TE1545,流畅性,3.1726666666666667
TE1546,流畅性,3.1726666666666667
TE1547,规范性,3.509333333333333
TE1548,规范性,3.509333333333333
TE1549,规范性,3.509333333333333
TE1550,流畅性,3.1726666666666667
TE1551,流畅性,3.1726666666666667
TE1552,流畅性,3.1726666666666667
TE1553,规范性,3.509333333333333
TE1554,规范性,3.509333333333333
TE1555,流畅性,3.1726666666666667
TE1556,流畅性,3.1726666666666667
TE1557,规范性,3.509333333333333
TE1558,流畅性,3.1726666666666667
TE1559,规范性,3.509333333333333
TE1560,流畅性,3.1726666666666667
TE1561,流畅性,3.1726666666666667
TE1562,流畅性,3.1726666666666667
TE1563,流畅性,3.1726666666666667
TE1564,流畅性,3.1726666666666667
TE1565,规范性,3.509333333333333
TE1566,流畅性,3.1726666666666667
TE1567,规范性,3.509333333333333
TE1568,流畅性,3.1726666666666667
TE1569,流畅性,3.1726666666666667
TE1570,规范性,3.509333333333333
TE1571,规范性,3.509333333333333
TE1572,流畅性,3.1726666666666667
TE1573,规范性,3.509333333333333
TE1574,规范性,3.509333333333333
TE1575,流畅性,3.1726666666666667
TE1576,流畅性,3.1726666666666667
TE1577,规范性,3.509333333333333
TE1578,规范性,3.509333333333333
TE1579,流畅性,3.1726666666666667
TE1580,规范性,3.509333333333333
TE1581,规范性,3.509333333333333
TE1582,规范性,3.509333333333333
TE1583,流畅性,3.1726666666666667
TE1584,流畅性,3.1726666666666667
TE1585,流畅性,3.1726666666666667
TE1586,流畅性,3.1726666666666667
TE1587,规范性,3.509333333333333
TE1588,规范性,3.509333333333333
TE1589,流畅性,3.1726666666666667
TE1590,流畅性,3.1726666666666667
TE1591,流畅性,3.1726666666666667
TE1592,流畅性,3.1726666666666667
TE1593,规范性,3.509333333333333
TE1594,流畅性,3.1726666666666667
TE1595,流畅性,3.1726666666666667
TE1596,规范性,3.509333333333333
TE1597,规范性,3.509333333333333
TE1598,规范性,3.509333333333333
TE1599,流畅性,3.1726666666666667
TE1600,流畅性,3.1726666666666667
TE1601,流畅性,3.1726666666666667
TE1602,规范性,3.509333333333333
TE1603,流畅性,3.1726666666666667
TE1604,规范性,3.509333333333333
TE1605,流畅性,3.1726666666666667
TE1606,流畅性,3.1726666666666667
TE1607,流畅性,3.1726666666666667
TE1608,规范性,3.509333333333333
TE1609,流畅性,3.1726666666666667
TE1610,流畅性,3.1726666666666667
TE1611,流畅性,3.1726666666666667
TE1612,规范性,3.509333333333333
TE1613,流畅性,3.1726666666666667
TE1614,流畅性,3.1726666666666667
TE1615,规范性,3.509333333333333
TE1616,规范性,3.509333333333333
TE1617,规范性,3.509333333333333
TE1618,流畅性,3.1726666666666667
TE1619,规范性,3.509333333333333
TE1620,流畅性,3.1726666666666667
TE1621,流畅性,3.1726666666666667
TE1622,流畅性,3.1726666666666667
TE1623,流畅性,3.1726666666666667
TE1624,流畅性,3.1726666666666667
TE1625,流畅性,3.1726666666666667
TE1626,规范性,3.509333333333333
TE1627,流畅性,3.1726666666666667
TE1628,规范性,3.509333333333333
TE1629,流畅性,3.1726666666666667
TE1630,流畅性,3.1726666666666667
TE1631,规范性,3.509333333333333
TE1632,流畅性,3.1726666666666667
TE1633,流畅性,3.1726666666666667
TE1634,流畅性,3.1726666666666667
TE1635,流畅性,3.1726666666666667
TE1636,规范性,3.509333333333333
TE1637,流畅性,3.1726666666666667
TE1638,流畅性,3.1726666666666667
TE1639,流畅性,3.1726666666666667
TE1640,规范性,3.509333333333333
TE1641,流畅性,3.1726666666666667
TE1642,流畅性,3.1726666666666667
TE1643,流畅性,3.1726666666666667
TE1644,流畅性,3.1726666666666667
TE1645,流畅性,3.1726666666666667
TE1646,流畅性,3.1726666666666667
TE1647,流畅性,3.1726666666666667
TE1648,流畅性,3.1726666666666667
TE1649,规范性,3.509333333333333
TE1650,规范性,3.509333333333333
TE1651,流畅性,3.1726666666666667
TE1652,规范性,3.509333333333333
TE1653,规范性,3.509333333333333
TE1654,规范性,3.509333333333333
TE1655,规范性,3.509333333333333
TE1656,规范性,3.509333333333333
TE1657,规范性,3.509333333333333
TE1658,流畅性,3.1726666666666667
TE1659,流畅性,3.1726666666666667
TE1660,流畅性,3.1726666666666667
TE1661,流畅性,3.1726666666666667
TE1662,流畅性,3.1726666666666667
TE1663,流畅性,3.1726666666666667
TE1664,流畅性,3.1726666666666667
TE1665,流畅性,3.1726666666666667
TE1666,规范性,3.509333333333333
TE1667,流畅性,3.1726666666666667
TE1668,规范性,3.509333333333333
TE1669,流畅性,3.1726666666666667
TE1670,流畅性,3.1726666666666667
TE1671,流畅性,3.1726666666666667
TE1672,流畅性,3.1726666666666667
TE1673,流畅性,3.1726666666666667
TE1674,规范性,3.509333333333333
TE1675,流畅性,3.1726666666666667
TE1676,规范性,3.509333333333333
TE1677,流畅性,3.1726666666666667
TE1678,流畅性,3.1726666666666667
TE1679,规范性,3.509333333333333
TE1680,流畅性,3.1726666666666667
TE1681,规范性,3.509333333333333
TE1682,规范性,3.509333333333333
TE1683,规范性,3.509333333333333
TE1684,流畅性,3.1726666666666667
TE1685,流畅性,3.1726666666666667
TE1686,规范性,3.509333333333333
TE1687,流畅性,3.1726666666666667
TE1688,流畅性,3.1726666666666667
TE1689,流畅性,3.1726666666666667
TE1690,规范性,3.509333333333333
TE1691,流畅性,3.1726666666666667
TE1692,流畅性,3.1726666666666667
TE1693,规范性,3.509333333333333
TE1694,流畅性,3.1726666666666667
TE1695,流畅性,3.1726666666666667
TE1696,流畅性,3.1726666666666667
TE1697,规范性,3.509333333333333
TE1698,规范性,3.509333333333333
TE1699,流畅性,3.1726666666666667
TE1700,规范性,3.509333333333333
TE1701,流畅性,3.1726666666666667
TE1702,流畅性,3.1726666666666667
TE1703,流畅性,3.1726666666666667
TE1704,规范性,3.509333333333333
TE1705,流畅性,3.1726666666666667
TE1706,流畅性,3.1726666666666667
TE1707,流畅性,3.1726666666666667
TE1708,流畅性,3.1726666666666667
TE1709,流畅性,3.1726666666666667
TE1710,流畅性,3.1726666666666667
TE1711,规范性,3.509333333333333
TE1712,流畅性,3.1726666666666667
TE1713,规范性,3.509333333333333
TE1714,流畅性,3.1726666666666667
TE1715,流畅性,3.1726666666666667
TE1716,流畅性,3.1726666666666667
TE1717,流畅性,3.1726666666666667
TE1718,规范性,3.509333333333333
TE1719,流畅性,3.1726666666666667
TE1720,规范性,3.509333333333333
TE1721,规范性,3.509333333333333
TE1722,流畅性,3.1726666666666667
TE1723,流畅性,3.1726666666666667
TE1724,流畅性,3.1726666666666667
TE1725,规范性,3.509333333333333
TE1726,流畅性,3.1726666666666667
TE1727,流畅性,3.1726666666666667
TE1728,流畅性,3.1726666666666667
TE1729,流畅性,3.1726666666666667
TE1730,流畅性,3.1726666666666667
TE1731,流畅性,3.1726666666666667
TE1732,流畅性,3.1726666666666667
TE1733,流畅性,3.1726666666666667
TE1734,流畅性,3.1726666666666667
TE1735,规范性,3.509333333333333
TE1736,流畅性,3.1726666666666667
TE1737,流畅性,3.1726666666666667
TE1738,规范性,3.509333333333333
TE1739,流畅性,3.1726666666666667
TE1740,流畅性,3.1726666666666667
TE1741,流畅性,3.1726666666666667
TE1742,流畅性,3.1726666666666667
TE1743,流畅性,3.1726666666666667
TE1744,流畅性,3.1726666666666667
TE1745,流畅性,3.1726666666666667
TE1746,流畅性,3.1726666666666667
TE1747,流畅性,3.1726666666666667
TE1748,规范性,3.509333333333333
TE1749,流畅性,3.1726666666666667
TE1750,规范性,3.509333333333333
TE1751,规范性,3.509333333333333
TE1752,规范性,3.509333333333333
TE1753,流畅性,3.1726666666666667
TE1754,流畅性,3.1726666666666667
TE1755,流畅性,3.1726666666666667
TE1756,规范性,3.509333333333333
TE1757,流畅性,3.1726666666666667
TE1758,规范性,3.509333333333333
TE1759,流畅性,3.1726666666666667
TE1760,流畅性,3.1726666666666667
TE1761,流畅性,3.1726666666666667
TE1762,规范性,3.509333333333333
TE1763,流畅性,3.1726666666666667
TE1764,流畅性,3.1726666666666667
TE1765,流畅性,3.1726666666666667
TE1766,规范性,3.509333333333333
TE1767,流畅性,3.1726666666666667
TE1768,流畅性,3.1726666666666667
TE1769,规范性,3.509333333333333
TE1770,流畅性,3.1726666666666667
TE1771,流畅性,3.1726666666666667
TE1772,流畅性,3.1726666666666667
TE1773,规范性,3.509333333333333
TE1774,流畅性,3.1726666666666667
TE1775,流畅性,3.1726666666666667
TE1776,流畅性,3.1726666666666667
TE1777,流畅性,3.1726666666666667
TE1778,流畅性,3.1726666666666667
TE1779,流畅性,3.1726666666666667
TE1780,规范性,3.509333333333333
TE1781,流畅性,3.1726666666666667
TE1782,规范性,3.509333333333333
TE1783,流畅性,3.1726666666666667
TE1784,流畅性,3.1726666666666667
TE1785,规范性,3.509333333333333
TE1786,规范性,3.509333333333333
TE1787,流畅性,3.1726666666666667
TE1788,流畅性,3.1726666666666667
TE1789,规范性,3.509333333333333
TE1790,流畅性,3.1726666666666667
TE1791,规范性,3.509333333333333
TE1792,流畅性,3.1726666666666667
TE1793,流畅性,3.1726666666666667
TE1794,规范性,3.509333333333333
TE1795,流畅性,3.1726666666666667
TE1796,规范性,3.509333333333333
TE1797,规范性,3.509333333333333
TE1798,流畅性,3.1726666666666667
TE1799,规范性,3.509333333333333
TE1800,流畅性,3.1726666666666667
TE1801,流畅性,3.1726666666666667
TE1802,规范性,3.509333333333333
TE1803,流畅性,3.1726666666666667
TE1804,流畅性,3.1726666666666667
TE1805,流畅性,3.1726666666666667
TE1806,流畅性,3.1726666666666667
TE1807,流畅性,3.1726666666666667
TE1808,规范性,3.509333333333333
TE1809,规范性,3.509333333333333
TE1810,规范性,3.509333333333333
TE1811,流畅性,3.1726666666666667
TE1812,流畅性,3.1726666666666667
TE1813,流畅性,3.1726666666666667
TE1814,流畅性,3.1726666666666667
TE1815,规范性,3.509333333333333
TE1816,规范性,3.509333333333333
TE1817,流畅性,3.1726666666666667
TE1818,流畅性,3.1726666666666667
TE1819,流畅性,3.1726666666666667
TE1820,规范性,3.509333333333333
TE1821,规范性,3.509333333333333
TE1822,流畅性,3.1726666666666667
TE1823,规范性,3.509333333333333
TE1824,流畅性,3.1726666666666667
TE1825,流畅性,3.1726666666666667
TE1826,流畅性,3.1726666666666667
TE1827,规范性,3.509333333333333
TE1828,流畅性,3.1726666666666667
TE1829,流畅性,3.1726666666666667
TE1830,规范性,3.509333333333333
TE1831,规范性,3.509333333333333
TE1832,流畅性,3.1726666666666667
TE1833,规范性,3.509333333333333
TE1834,流畅性,3.1726666666666667
TE1835,流畅性,3.1726666666666667
TE1836,流畅性,3.1726666666666667
TE1837,流畅性,3.1726666666666667
TE1838,流畅性,3.1726666666666667
TE1839,流畅性,3.1726666666666667
TE1840,规范性,3.509333333333333
TE1841,流畅性,3.1726666666666667
TE1842,流畅性,3.1726666666666667
TE1843,规范性,3.509333333333333
TE1844,流畅性,3.1726666666666667
TE1845,规范性,3.509333333333333
TE1846,流畅性,3.1726666666666667
TE1847,流畅性,3.1726666666666667
TE1848,规范性,3.509333333333333
TE1849,规范性,3.509333333333333
TE1850,流畅性,3.1726666666666667
TE1851,流畅性,3.1726666666666667
TE1852,规范性,3.509333333333333
TE1853,流畅性,3.1726666666666667
TE1854,流畅性,3.1726666666666667
TE1855,规范性,3.509333333333333
TE1856,规范性,3.509333333333333
TE1857,流畅性,3.1726666666666667
TE1858,流畅性,3.1726666666666667
TE1859,流畅性,3.1726666666666667
TE1860,流畅性,3.1726666666666667
TE1861,流畅性,3.1726666666666667
TE1862,流畅性,3.1726666666666667
TE1863,规范性,3.509333333333333
TE1864,规范性,3.509333333333333
TE1865,流畅性,3.1726666666666667
TE1866,流畅性,3.1726666666666667
TE1867,流畅性,3.1726666666666667
TE1868,流畅性,3.1726666666666667
TE1869,流畅性,3.1726666666666667
TE1870,流畅性,3.1726666666666667
TE1871,流畅性,3.1726666666666667
TE1872,规范性,3.509333333333333
TE1873,流畅性,3.1726666666666667
TE1874,规范性,3.509333333333333
TE1875,规范性,3.509333333333333
TE1876,规范性,3.509333333333333
TE1877,流畅性,3.1726666666666667
TE1878,规范性,3.509333333333333
TE1879,流畅性,3.1726666666666667
TE1880,流畅性,3.1726666666666667
TE1881,流畅性,3.1726666666666667
TE1882,流畅性,3.1726666666666667
TE1883,规范性,3.509333333333333
TE1884,规范性,3.509333333333333
TE1885,规范性,3.509333333333333
TE1886,规范性,3.509333333333333
TE1887,流畅性,3.1726666666666667
TE1888,流畅性,3.1726666666666667
TE1889,规范性,3.509333333333333
TE1890,流畅性,3.1726666666666667
TE1891,流畅性,3.1726666666666667
TE1892,规范性,3.509333333333333
TE1893,流畅性,3.1726666666666667
TE1894,流畅性,3.1726666666666667
TE1895,流畅性,3.1726666666666667
TE1896,流畅性,3.1726666666666667
TE1897,规范性,3.509333333333333
TE1898,流畅性,3.1726666666666667
TE1899,流畅性,3.1726666666666667
TE1900,规范性,3.509333333333333
TE1901,规范性,3.509333333333333
TE1902,流畅性,3.1726666666666667
TE1903,规范性,3.509333333333333
TE1904,规范性,3.509333333333333
TE1905,流畅性,3.1726666666666667
TE1906,流畅性,3.1726666666666667
TE1907,流畅性,3.1726666666666667
TE1908,流畅性,3.1726666666666667
TE1909,规范性,3.509333333333333
TE1910,流畅性,3.1726666666666667
TE1911,流畅性,3.1726666666666667
TE1912,流畅性,3.1726666666666667
TE1913,流畅性,3.1726666666666667
TE1914,流畅性,3.1726666666666667
TE1915,规范性,3.509333333333333
TE1916,流畅性,3.1726666666666667
TE1917,规范性,3.509333333333333
TE1918,流畅性,3.1726666666666667
TE1919,流畅性,3.1726666666666667
TE1920,规范性,3.509333333333333
TE1921,规范性,3.509333333333333
TE1922,流畅性,3.1726666666666667
TE1923,规范性,3.509333333333333
TE1924,流畅性,3.1726666666666667
TE1925,规范性,3.509333333333333
TE1926,规范性,3.509333333333333
TE1927,流畅性,3.1726666666666667
TE1928,流畅性,3.1726666666666667
TE1929,流畅性,3.1726666666666667
TE1930,规范性,3.509333333333333
TE1931,规范性,3.509333333333333
TE1932,流畅性,3.1726666666666667
TE1933,规范性,3.509333333333333
TE1934,流畅性,3.1726666666666667
TE1935,流畅性,3.1726666666666667
TE1936,流畅性,3.1726666666666667
TE1937,流畅性,3.1726666666666667
TE1938,规范性,3.509333333333333
TE1939,流畅性,3.1726666666666667
TE1940,流畅性,3.1726666666666667
TE1941,流畅性,3.1726666666666667
TE1942,规范性,3.509333333333333
TE1943,流畅性,3.1726666666666667
TE1944,流畅性,3.1726666666666667
TE1945,规范性,3.509333333333333
TE1946,规范性,3.509333333333333
TE1947,流畅性,3.1726666666666667
TE1948,流畅性,3.1726666666666667
TE1949,规范性,3.509333333333333
TE1950,规范性,3.509333333333333
TE1951,规范性,3.509333333333333
TE1952,流畅性,3.1726666666666667
TE1953,规范性,3.509333333333333
TE1954,规范性,3.509333333333333
TE1955,流畅性,3.1726666666666667
TE1956,流畅性,3.1726666666666667
TE1957,规范性,3.509333333333333
TE1958,规范性,3.509333333333333
TE1959,规范性,3.509333333333333
TE1960,流畅性,3.1726666666666667
TE1961,流畅性,3.1726666666666667
TE1962,流畅性,3.1726666666666667
TE1963,流畅性,3.1726666666666667
TE1964,规范性,3.509333333333333
TE1965,流畅性,3.1726666666666667
TE1966,流畅性,3.1726666666666667
TE1967,流畅性,3.1726666666666667
TE1968,规范性,3.509333333333333
TE1969,流畅性,3.1726666666666667
TE1970,流畅性,3.1726666666666667
TE1971,规范性,3.509333333333333
TE1972,规范性,3.509333333333333
TE1973,流畅性,3.1726666666666667
TE1974,规范性,3.509333333333333
TE1975,规范性,3.509333333333333
TE1976,规范性,3.509333333333333
TE1977,规范性,3.509333333333333
TE1978,规范性,3.509333333333333
TE1979,规范性,3.509333333333333
TE1980,规范性,3.509333333333333
TE1981,规范性,3.509333333333333
TE1982,流畅性,3.1726666666666667
TE1983,流畅性,3.1726666666666667
TE1984,流畅性,3.1726666666666667
TE1985,规范性,3.509333333333333
TE1986,规范性,3.509333333333333
TE1987,流畅性,3.1726666666666667
TE1988,规范性,3.509333333333333
TE1989,规范性,3.509333333333333
TE1990,规范性,3.509333333333333
TE1991,规范性,3.509333333333333
TE1992,规范性,3.509333333333333
TE1993,规范性,3.509333333333333
TE1994,规范性,3.509333333333333
TE1995,规范性,3.509333333333333
TE1996,规范性,3.509333333333333
TE1997,规范性,3.509333333333333
TE1998,规范性,3.509333333333333
TE1999,流畅性,3.1726666666666667
TE2000,规范性,3.509333333333333
CHT001,选择题,0
CHT002,选择题,0
CHT003,选择题,0
CHT004,选择题,1
CHT005,选择题,0
CHT006,选择题,1
CHT007,选择题,0
CHT008,选择题,1
CHT009,选择题,1
CHT010,选择题,0
CHT011,选择题,1
CHT012,选择题,0
CHT013,选择题,1
CHT014,选择题,0
CHT015,选择题,1
CHT016,选择题,0
CHT017,选择题,1
CHT018,选择题,1
CHT019,选择题,1
CHT020,选择题,0
CHT021,选择题,0
CHT022,选择题,1
CHT023,选择题,0
CHT024,选择题,1
CHT025,选择题,1
CHT026,选择题,1
CHT027,选择题,1
CHT028,选择题,0
CHT029,选择题,0
CHT030,选择题,0
CHT031,选择题,0
CHT032,选择题,0
CHT033,选择题,1
CHT034,选择题,1
CHT035,选择题,1
CHT036,选择题,0
CHT037,选择题,1
CHT038,选择题,0
CHT039,选择题,1
CHT040,选择题,1
CHT041,选择题,1
CHT042,选择题,1
CHT043,选择题,0
CHT044,选择题,1
CHT045,选择题,1
CHT046,选择题,0
CHT047,选择题,1
CHT048,选择题,1
CHT049,选择题,1
CHT050,选择题,1
CHT051,选择题,0
CHT052,选择题,0
CHT053,选择题,0
CHT054,选择题,0
CHT055,选择题,0
CHT056,选择题,0
CHT057,选择题,0
CHT058,选择题,1
CHT059,选择题,0
CHT060,选择题,0
CHT061,选择题,1
CHT062,选择题,1
CHT063,选择题,1
CHT064,选择题,0
CHT065,选择题,0
CHT066,选择题,0
CHT067,选择题,1
CHT068,选择题,0
CHT069,选择题,0
CHT070,选择题,0
CHT071,选择题,0
CHT072,选择题,0
CHT073,选择题,0
CHT074,选择题,0
CHT075,选择题,0
CHT076,选择题,0
CHT077,选择题,1
CHT078,选择题,1
CHT079,选择题,0
CHT080,选择题,0
CHT081,选择题,0
CHT082,选择题,1
CHT083,选择题,0
CHT084,选择题,1
CHT085,选择题,0
CHT086,选择题,1
CHT087,选择题,1
CHT088,选择题,0
CHT089,选择题,0
CHT090,选择题,1
CHT091,选择题,1
CHT092,选择题,0
CHT093,选择题,1
CHT094,选择题,1
CHT095,选择题,0
CHT096,选择题,1
CHT097,选择题,0
CHT098,选择题,0
CHT099,选择题,1
CHT100,选择题,0
CHT101,选择题,0
CHT102,选择题,1
CHT103,选择题,0
CHT104,选择题,0
CHT105,选择题,1
CHT106,选择题,1
CHT107,选择题,0
CHT108,选择题,1
CHT109,选择题,0
CHT110,选择题,1
CHT111,选择题,1
CHT112,选择题,1
CHT113,选择题,0
CHT114,选择题,1
CHT115,选择题,1
CHT116,选择题,1
CHT117,选择题,1
CHT118,选择题,1
CHT119,选择题,1
CHT120,选择题,1
CHT121,选择题,1
CHT122,选择题,1
CHT123,选择题,0
CHT124,选择题,0
CHT125,选择题,1
CHT126,选择题,0
CHT127,选择题,1
CHT128,选择题,0
CHT129,选择题,1
CHT130,选择题,1
CHT131,选择题,1
CHT132,选择题,0
CHT133,选择题,0
CHT134,选择题,0
CHT135,选择题,0
CHT136,选择题,1
CHT137,选择题,1
CHT138,选择题,0
CHT139,选择题,0
CHT140,选择题,0
CHT141,选择题,0
CHT142,选择题,0
CHT143,选择题,1
CHT144,选择题,1
CHT145,选择题,0
CHT146,选择题,0
CHT147,选择题,1
CHT148,选择题,1
CHT149,选择题,0
CHT150,选择题,0
CHT151,选择题,0
CHT152,选择题,1
CHT153,选择题,1
CHT154,选择题,0
CHT155,选择题,0
CHT156,选择题,1
CHT157,选择题,0
CHT158,选择题,1
CHT159,选择题,1
CHT160,选择题,1
CHT161,选择题,1
CHT162,选择题,0
CHT163,选择题,0
CHT164,选择题,0
CHT165,选择题,0
CHT166,选择题,0
CHT167,选择题,0
CHT168,选择题,1
CHT169,选择题,1
CHT170,选择题,1
CHT171,选择题,1
CHT172,选择题,0
CHT173,选择题,1
CHT174,选择题,1
CHT175,选择题,1
CHT176,选择题,1
CHT177,选择题,1
CHT178,选择题,0
CHT179,选择题,0
CHT180,选择题,0
CHT181,选择题,0
CHT182,选择题,1
CHT183,选择题,1
CHT184,选择题,0
CHT185,选择题,0
CHT186,选择题,1
CHT187,选择题,1
CHT188,选择题,0
CHT189,选择题,1
CHT190,选择题,0
CHT191,选择题,1
CHT192,选择题,1
CHT193,选择题,0
CHT194,选择题,0
CHT195,选择题,0
CHT196,选择题,0
CHT197,选择题,1
CHT198,选择题,0
CHT199,选择题,0
CHT200,选择题,0
CHT201,选择题,0
CHT202,选择题,0
CHT203,选择题,0
CHT204,选择题,0
CHT205,选择题,1
CHT206,选择题,1
CHT207,选择题,0
CHT208,选择题,0
CHT209,选择题,1
CHT210,选择题,1
CHT211,选择题,0
CHT212,选择题,0
CHT213,选择题,1
CHT214,选择题,1
CHT215,选择题,0
CHT216,选择题,1
CHT217,选择题,0
CHT218,选择题,0
CHT219,选择题,0
CHT220,选择题,1
CHT221,选择题,0
CHT222,选择题,0
CHT223,选择题,0
CHT224,选择题,0
CHT225,选择题,0
CHT226,选择题,0
CHT227,选择题,1
CHT228,选择题,0
CHT229,选择题,1
CHT230,选择题,0
CHT231,选择题,0
CHT232,选择题,1
CHT233,选择题,0
CHT234,选择题,1
CHT235,选择题,1
CHT236,选择题,1
CHT237,选择题,1
CHT238,选择题,1
CHT239,选择题,1
CHT240,选择题,0
CHT241,选择题,1
CHT242,选择题,0
CHT243,选择题,0
CHT244,选择题,0
CHT245,选择题,0
CHT246,选择题,0
CHT247,选择题,0
CHT248,选择题,1
CHT249,选择题,1
CHT250,选择题,1
CHT251,选择题,0
CHT252,选择题,1
CHT253,选择题,1
CHT254,选择题,1
CHT255,选择题,1
CHT256,选择题,1
CHT257,选择题,1
CHT258,选择题,1
CHT259,选择题,1
CHT260,选择题,0
CHT261,选择题,0
CHT262,选择题,1
CHT263,选择题,0
CHT264,选择题,0
CHT265,选择题,1
CHT266,选择题,0
CHT267,选择题,1
CHT268,选择题,1
CHT269,选择题,1
CHT270,选择题,1
CHT271,选择题,1
CHT272,选择题,1
CHT273,选择题,0
CHT274,选择题,1
CHT275,选择题,0
CHT276,选择题,0
CHT277,选择题,0
CHT278,选择题,0
CHT279,选择题,0
CHT280,选择题,0
CHT281,选择题,0
CHT282,选择题,1
CHT283,选择题,1
CHT284,选择题,0
CHT285,选择题,1
CHT286,选择题,0
CHT287,选择题,0
CHT288,选择题,1
CHT289,选择题,0
CHT290,选择题,0
CHT291,选择题,1
CHT292,选择题,1
CHT293,选择题,0
CHT294,选择题,0
CHT295,选择题,1
CHT296,选择题,0
CHT297,选择题,1
CHT298,选择题,0
CHT299,选择题,0
CHT300,选择题,1
CHT301,选择题,1
CHT302,选择题,1
CHT303,选择题,1
CHT304,选择题,0
CHT305,选择题,1
CHT306,选择题,1
CHT307,选择题,1
CHT308,选择题,1
CHT309,选择题,1
CHT310,选择题,1
CHT311,选择题,1
CHT312,选择题,0
CHT313,选择题,1
CHT314,选择题,1
CHT315,选择题,0
CHT316,选择题,0
CHT317,选择题,1
CHT318,选择题,1
CHT319,选择题,0
CHT320,选择题,0
CHT321,选择题,1
CHT322,选择题,0
CHT323,选择题,0
CHT324,选择题,0
CHT325,选择题,0
CHT326,选择题,1
CHT327,选择题,1
CHT328,选择题,1
CHT329,选择题,0
CHT330,选择题,0
CHT331,选择题,0
CHT332,选择题,0
CHT333,选择题,0
CHT334,选择题,0
CHT335,选择题,0
CHT336,选择题,1
CHT337,选择题,0
CHT338,选择题,1
CHT339,选择题,1
CHT340,选择题,1
CHT341,选择题,1
CHT342,选择题,1
CHT343,选择题,0
CHT344,选择题,1
CHT345,选择题,1
CHT346,选择题,0
CHT347,选择题,0
CHT348,选择题,0
CHT349,选择题,0
CHT350,选择题,0
CHT351,选择题,1
CHT352,选择题,1
CHT353,选择题,0
CHT354,选择题,0
CHT355,选择题,0
CHT356,选择题,1
CHT357,选择题,0
CHT358,选择题,1
CHT359,选择题,0
CHT360,选择题,1
CHT361,选择题,0
CHT362,选择题,0
CHT363,选择题,0
CHT364,选择题,1
CHT365,选择题,1
CHT366,选择题,0
CHT367,选择题,1
CHT368,选择题,0
CHT369,选择题,0
CHT370,选择题,1
CHT371,选择题,0
CHT372,选择题,1
CHT373,选择题,1
CHT374,选择题,0
CHT375,选择题,0
CHT376,选择题,0
CHT377,选择题,1
CHT378,选择题,0
CHT379,选择题,1
CHT380,选择题,1
CHT381,选择题,1
CHT382,选择题,1
CHT383,选择题,1
CHT384,选择题,0
CHT385,选择题,1
CHT386,选择题,0
CHT387,选择题,1
CHT388,选择题,1
CHT389,选择题,0
CHT390,选择题,0
CHT391,选择题,0
CHT392,选择题,1
CHT393,选择题,1
CHT394,选择题,0
CHT395,选择题,0
CHT396,选择题,0
CHT397,选择题,1
CHT398,选择题,0
CHT399,选择题,0
CHT400,选择题,1
CHT401,选择题,0
CHT402,选择题,0
CHT403,选择题,0
CHT404,选择题,0
CHT405,选择题,0
CHT406,选择题,0
CHT407,选择题,1
CHT408,选择题,1
CHT409,选择题,1
CHT410,选择题,1
CHT411,选择题,0
CHT412,选择题,1
CHT413,选择题,1
CHT414,选择题,0
CHT415,选择题,1
CHT416,选择题,1
CHT417,选择题,0
CHT418,选择题,0
CHT419,选择题,1
CHT420,选择题,0
CHT421,选择题,0
CHT422,选择题,0
CHT423,选择题,1
CHT424,选择题,1
CHT425,选择题,0
CHT426,选择题,1
CHT427,选择题,1
CHT428,选择题,1
CHT429,选择题,0
CHT430,选择题,1
CHT431,选择题,0
CHT432,选择题,0
CHT433,选择题,1
CHT434,选择题,0
CHT435,选择题,1
CHT436,选择题,1
CHT437,选择题,0
CHT438,选择题,1
CHT439,选择题,1
CHT440,选择题,1
CHT441,选择题,0
CHT442,选择题,0
CHT443,选择题,0
CHT444,选择题,1
CHT445,选择题,1
CHT446,选择题,1
CHT447,选择题,0
CHT448,选择题,0
CHT449,选择题,0
CHT450,选择题,0
CHT451,选择题,0
CHT452,选择题,1
CHT453,选择题,0
CHT454,选择题,0
CHT455,选择题,0
CHT456,选择题,0
CHT457,选择题,0
CHT458,选择题,1
CHT459,选择题,0
CHT460,选择题,0
CHT461,选择题,1
CHT462,选择题,1
CHT463,选择题,0
CHT464,选择题,1
CHT465,选择题,1
CHT466,选择题,1
CHT467,选择题,0
CHT468,选择题,0
CHT469,选择题,1
CHT470,选择题,1
CHT471,选择题,1
CHT472,选择题,0
CHT473,选择题,1
CHT474,选择题,1
CHT475,选择题,0
CHT476,选择题,1
CHT477,选择题,0
CHT478,选择题,0
CHT479,选择题,1
CHT480,选择题,1
CHT481,选择题,1
CHT482,选择题,1
CHT483,选择题,1
CHT484,选择题,1
CHT485,选择题,1
CHT486,选择题,1
CHT487,选择题,1
CHT488,选择题,0
CHT489,选择题,0
CHT490,选择题,1
CHT491,选择题,1
CHT492,选择题,0
CHT493,选择题,1
CHT494,选择题,0
CHT495,选择题,1
CHT496,选择题,1
CHT497,选择题,0
CHT498,选择题,1
CHT499,选择题,0
CHT500,选择题,0
CHT501,选择题,0
CHT502,选择题,1
CHT503,选择题,0
CHT504,选择题,0
CHT505,选择题,1
CHT506,选择题,0
CHT507,选择题,1
CHT508,选择题,1
CHT509,选择题,0
CHT510,选择题,0
CHT511,选择题,0
CHT512,选择题,0
CHT513,选择题,1
CHT514,选择题,0
CHT515,选择题,1
CHT516,选择题,1
CHT517,选择题,0
CHT518,选择题,1
CHT519,选择题,0
CHT520,选择题,1
CHT521,选择题,1
CHT522,选择题,0
CHT523,选择题,1
CHT524,选择题,1
CHT525,选择题,0
CHT526,选择题,1
CHT527,选择题,0
CHT528,选择题,1
CHT529,选择题,1
CHT530,选择题,1
CHT531,选择题,0
CHT532,选择题,1
CHT533,选择题,1
CHT534,选择题,0
CHT535,选择题,0
CHT536,选择题,0
CHT537,选择题,1
CHT538,选择题,0
CHT539,选择题,0
CHT540,选择题,0
CHT541,选择题,0
CHT542,选择题,1
CHT543,选择题,1
CHT544,选择题,0
CHT545,选择题,0
CHT546,选择题,0
CHT547,选择题,1
CHT548,选择题,0
CHT549,选择题,1
CHT550,选择题,0
CHT551,选择题,1
CHT552,选择题,0
CHT553,选择题,0
CHT554,选择题,0
CHT555,选择题,1
CHT556,选择题,1
CHT557,选择题,0
CHT558,选择题,1
CHT559,选择题,0
CHT560,选择题,1
CHT561,选择题,1
CHT562,选择题,0
CHT563,选择题,1
CHT564,选择题,0
CHT565,选择题,0
CHT566,选择题,0
CHT567,选择题,1
CHT568,选择题,1
CHT569,选择题,0
CHT570,选择题,1
CHT571,选择题,0
CHT572,选择题,1
CHT573,选择题,1
CHT574,选择题,0
CHT575,选择题,1
CHT576,选择题,0
CHT577,选择题,0
CHT578,选择题,1
CHT579,选择题,1
CHT580,选择题,0
CHT581,选择题,0
CHT582,选择题,1
CHT583,选择题,0
CHT584,选择题,0
CHT585,选择题,0
CHT586,选择题,1
CHT587,选择题,0
CHT588,选择题,0
CHT589,选择题,1
CHT590,选择题,0
CHT591,选择题,1
CHT592,选择题,0
CHT593,选择题,0
CHT594,选择题,1
CHT595,选择题,1
CHT596,选择题,0
CHT597,选择题,1
CHT598,选择题,1
CHT599,选择题,1
CHT600,选择题,0
CHT601,选择题,1
CHT602,选择题,1
CHT603,选择题,1
CHT604,选择题,1
CHT605,选择题,0
CHT606,选择题,0
CHT607,选择题,1
CHT608,选择题,1
CHT609,选择题,1
CHT610,选择题,0
CHT611,选择题,0
CHT612,选择题,1
CHT613,选择题,1
CHT614,选择题,0
CHT615,选择题,1
CHT616,选择题,1
CHT617,选择题,0
CHT618,选择题,1
CHT619,选择题,0
CHT620,选择题,0
CHT621,选择题,1
CHT622,选择题,0
CHT623,选择题,0
CHT624,选择题,0
CHT625,选择题,1
CHT626,选择题,0
CHT627,选择题,1
CHT628,选择题,0
CHT629,选择题,0
CHT630,选择题,1
CHT631,选择题,0
CHT632,选择题,0
CHT633,选择题,1
CHT634,选择题,1
CHT635,选择题,0
CHT636,选择题,1
CHT637,选择题,0
CHT638,选择题,1
CHT639,选择题,0
CHT640,选择题,1
CHT641,选择题,0
CHT642,选择题,1
CHT643,选择题,1
CHT644,选择题,0
CHT645,选择题,0
CHT646,选择题,1
CHT647,选择题,0
CHT648,选择题,0
CHT649,选择题,0
CHT650,选择题,1
CHT651,选择题,0
CHT652,选择题,1
CHT653,选择题,0
CHT654,选择题,0
CHT655,选择题,0
CHT656,选择题,0
CHT657,选择题,1
CHT658,选择题,1
CHT659,选择题,0
CHT660,选择题,0
CHT661,选择题,0
CHT662,选择题,1
CHT663,选择题,0
CHT664,选择题,0
CHT665,选择题,1
CHT666,选择题,0
CHT667,选择题,0
CHT668,选择题,1
CHT669,选择题,0
CHT670,选择题,0
CHT671,选择题,1
CHT672,选择题,1
CHT673,选择题,0
CHT674,选择题,1
CHT675,选择题,1
CHT676,选择题,1
CHT677,选择题,1
CHT678,选择题,0
CHT679,选择题,0
CHT680,选择题,1
CHT681,选择题,1
CHT682,选择题,0
CHT683,选择题,0
CHT684,选择题,0
CHT685,选择题,1
CHT686,选择题,1
CHT687,选择题,0
CHT688,选择题,1
CHT689,选择题,1
CHT690,选择题,0
CHT691,选择题,1
CHT692,选择题,1
CHT693,选择题,1
CHT694,选择题,1
CHT695,选择题,1
CHT696,选择题,0
CHT697,选择题,0
CHT698,选择题,0
CHT699,选择题,0
CHT700,选择题,1
CHT701,选择题,1
CHT702,选择题,1
CHT703,选择题,1
CHT704,选择题,0
CHT705,选择题,0
CHT706,选择题,1
CHT707,选择题,0
CHT708,选择题,0
CHT709,选择题,1
CHT710,选择题,0
CHT711,选择题,1
CHT712,选择题,0
CHT713,选择题,1
CHT714,选择题,0
CHT715,选择题,1
CHT716,选择题,1
CHT717,选择题,0
CHT718,选择题,0
CHT719,选择题,0
CHT720,选择题,1
CHT721,选择题,0
CHT722,选择题,1
CHT723,选择题,0
CHT724,选择题,0
CHT725,选择题,1
CHT726,选择题,1
CHT727,选择题,1
CHT728,选择题,1
CHT729,选择题,0
CHT730,选择题,1
CHT731,选择题,0
CHT732,选择题,0
CHT733,选择题,0
CHT734,选择题,0
CHT735,选择题,1
CHT736,选择题,1
CHT737,选择题,1
CHT738,选择题,1
CHT739,选择题,1
CHT740,选择题,1
CHT741,选择题,1
CHT742,选择题,1
CHT743,选择题,0
CHT744,选择题,0
CHT745,选择题,0
CHT746,选择题,0
CHT747,选择题,0
CHT748,选择题,1
CHT749,选择题,0
CHT750,选择题,0
